"x"
"D28.1_1"	"alpha"
"D28.1_2"	"endothelial"
"D28.1_3"	"delta"
"D28.1_4"	"beta"
"D28.1_5"	"unclear"
"D28.1_13"	"duct"
"D28.1_15"	"alpha"
"D28.1_17"	"alpha"
"D28.1_26"	"endothelial"
"D28.1_29"	"alpha"
"D28.1_30"	"alpha"
"D28.1_37"	"acinar"
"D28.1_38"	"acinar"
"D28.1_39"	"alpha"
"D28.1_40"	"alpha"
"D28.1_41"	"alpha"
"D28.1_43"	"beta"
"D28.1_49"	"beta"
"D28.1_50"	"acinar"
"D28.1_51"	"alpha"
"D28.1_52"	"duct"
"D28.1_55"	"acinar"
"D28.1_61"	"delta"
"D28.1_62"	"acinar"
"D28.1_63"	"alpha"
"D28.1_65"	"beta"
"D28.1_66"	"duct"
"D28.1_67"	"acinar"
"D28.1_68"	"acinar"
"D28.1_73"	"acinar"
"D28.1_74"	"alpha"
"D28.1_75"	"alpha"
"D28.1_76"	"pp"
"D28.1_77"	"duct"
"D28.1_80"	"duct"
"D28.1_85"	"pp"
"D28.1_86"	"acinar"
"D28.1_87"	"acinar"
"D28.1_88"	"alpha"
"D28.1_89"	"delta"
"D28.1_90"	"duct"
"D28.1_91"	"duct"
"D28.2_1"	"acinar"
"D28.2_2"	"alpha"
"D28.2_4"	"acinar"
"D28.2_5"	"alpha"
"D28.2_13"	"duct"
"D28.2_15"	"acinar"
"D28.2_16"	"duct"
"D28.2_17"	"duct"
"D28.2_18"	"acinar"
"D28.2_26"	"duct"
"D28.2_28"	"alpha"
"D28.2_29"	"duct"
"D28.2_37"	"alpha"
"D28.2_38"	"beta"
"D28.2_39"	"acinar"
"D28.2_40"	"duct"
"D28.2_41"	"mesenchymal"
"D28.2_42"	"acinar"
"D28.2_43"	"alpha"
"D28.2_49"	"acinar"
"D28.2_51"	"alpha"
"D28.2_52"	"alpha"
"D28.2_53"	"acinar"
"D28.2_61"	"acinar"
"D28.2_63"	"pp"
"D28.2_64"	"duct"
"D28.2_65"	"alpha"
"D28.2_66"	"duct"
"D28.2_68"	"alpha"
"D28.2_73"	"beta"
"D28.2_74"	"acinar"
"D28.2_75"	"acinar"
"D28.2_76"	"endothelial"
"D28.2_78"	"beta"
"D28.2_79"	"duct"
"D28.2_85"	"alpha"
"D28.2_86"	"acinar"
"D28.2_87"	"acinar"
"D28.2_89"	"acinar"
"D28.2_90"	"alpha"
"D28.2_91"	"pp"
"D28.3_3"	"alpha"
"D28.3_4"	"acinar"
"D28.3_5"	"alpha"
"D28.3_6"	"beta"
"D28.3_7"	"alpha"
"D28.3_8"	"alpha"
"D28.3_13"	"alpha"
"D28.3_14"	"pp"
"D28.3_15"	"alpha"
"D28.3_16"	"delta"
"D28.3_17"	"duct"
"D28.3_18"	"pp"
"D28.3_25"	"acinar"
"D28.3_26"	"acinar"
"D28.3_27"	"beta"
"D28.3_28"	"acinar"
"D28.3_29"	"duct"
"D28.3_30"	"beta"
"D28.3_31"	"acinar"
"D28.3_37"	"beta"
"D28.3_38"	"alpha"
"D28.3_40"	"acinar"
"D28.3_41"	"beta"
"D28.3_42"	"alpha"
"D28.3_43"	"endothelial"
"D28.3_44"	"acinar"
"D28.3_49"	"duct"
"D28.3_50"	"acinar"
"D28.3_51"	"acinar"
"D28.3_52"	"acinar"
"D28.3_53"	"duct"
"D28.3_54"	"duct"
"D28.3_55"	"alpha"
"D28.3_61"	"delta"
"D28.3_62"	"acinar"
"D28.3_63"	"duct"
"D28.3_64"	"alpha"
"D28.3_65"	"acinar"
"D28.3_68"	"alpha"
"D28.3_69"	"alpha"
"D28.3_73"	"duct"
"D28.3_75"	"acinar"
"D28.3_76"	"alpha"
"D28.3_77"	"acinar"
"D28.3_78"	"delta"
"D28.3_79"	"alpha"
"D28.3_85"	"acinar"
"D28.3_86"	"duct"
"D28.3_88"	"duct"
"D28.3_89"	"alpha"
"D28.3_90"	"acinar"
"D28.3_91"	"acinar"
"D28.3_92"	"alpha"
"D28.4_1"	"duct"
"D28.4_3"	"delta"
"D28.4_4"	"acinar"
"D28.4_13"	"alpha"
"D28.4_14"	"duct"
"D28.4_15"	"alpha"
"D28.4_17"	"acinar"
"D28.4_22"	"duct"
"D28.4_26"	"pp"
"D28.4_27"	"alpha"
"D28.4_28"	"duct"
"D28.4_29"	"alpha"
"D28.4_30"	"alpha"
"D28.4_31"	"beta"
"D28.4_37"	"alpha"
"D28.4_38"	"pp"
"D28.4_39"	"alpha"
"D28.4_40"	"duct"
"D28.4_41"	"alpha"
"D28.4_43"	"duct"
"D28.4_49"	"acinar"
"D28.4_50"	"duct"
"D28.4_51"	"acinar"
"D28.4_52"	"duct"
"D28.4_53"	"acinar"
"D28.4_54"	"acinar"
"D28.4_55"	"duct"
"D28.4_56"	"alpha"
"D28.4_61"	"acinar"
"D28.4_62"	"alpha"
"D28.4_63"	"acinar"
"D28.4_65"	"alpha"
"D28.4_67"	"acinar"
"D28.4_73"	"duct"
"D28.4_74"	"duct"
"D28.4_75"	"duct"
"D28.4_76"	"alpha"
"D28.4_77"	"beta"
"D28.4_78"	"duct"
"D28.4_85"	"acinar"
"D28.4_86"	"acinar"
"D28.4_87"	"alpha"
"D28.4_88"	"alpha"
"D28.4_89"	"acinar"
"D28.4_90"	"pp"
"D28.4_91"	"duct"
"D28.Tgf1_1"	"beta"
"D28.Tgf1_2"	"pp"
"D28.Tgf1_3"	"acinar"
"D28.Tgf1_4"	"duct"
"D28.Tgf1_5"	"beta"
"D28.Tgf1_13"	"alpha"
"D28.Tgf1_14"	"alpha"
"D28.Tgf1_15"	"alpha"
"D28.Tgf1_16"	"duct"
"D28.Tgf1_17"	"acinar"
"D28.Tgf1_25"	"mesenchymal"
"D28.Tgf1_26"	"beta"
"D28.Tgf1_27"	"acinar"
"D28.Tgf1_28"	"mesenchymal"
"D28.Tgf1_29"	"acinar"
"D28.Tgf1_30"	"acinar"
"D28.Tgf1_31"	"acinar"
"D28.Tgf1_37"	"acinar"
"D28.Tgf1_38"	"acinar"
"D28.Tgf1_39"	"mesenchymal"
"D28.Tgf1_40"	"alpha"
"D28.Tgf1_41"	"beta"
"D28.Tgf1_42"	"acinar"
"D28.Tgf1_49"	"delta"
"D28.Tgf1_50"	"alpha"
"D28.Tgf1_51"	"mesenchymal"
"D28.Tgf1_52"	"alpha"
"D28.Tgf1_53"	"mesenchymal"
"D28.Tgf1_54"	"acinar"
"D28.Tgf1_56"	"mesenchymal"
"D28.Tgf1_61"	"duct"
"D28.Tgf1_62"	"acinar"
"D28.Tgf1_63"	"acinar"
"D28.Tgf1_64"	"alpha"
"D28.Tgf1_65"	"alpha"
"D28.Tgf1_66"	"duct"
"D28.Tgf1_73"	"beta"
"D28.Tgf1_74"	"alpha"
"D28.Tgf1_75"	"duct"
"D28.Tgf1_76"	"beta"
"D28.Tgf1_77"	"acinar"
"D28.Tgf1_78"	"acinar"
"D28.Tgf1_85"	"beta"
"D28.Tgf1_86"	"alpha"
"D28.Tgf1_87"	"alpha"
"D28.Tgf1_88"	"duct"
"D28.Tgf1_89"	"mesenchymal"
"D28.Tgf2_1"	"duct"
"D28.Tgf2_2"	"acinar"
"D28.Tgf2_3"	"beta"
"D28.Tgf2_4"	"acinar"
"D28.Tgf2_13"	"alpha"
"D28.Tgf2_14"	"duct"
"D28.Tgf2_15"	"duct"
"D28.Tgf2_16"	"duct"
"D28.Tgf2_17"	"beta"
"D28.Tgf2_19"	"acinar"
"D28.Tgf2_26"	"delta"
"D28.Tgf2_29"	"alpha"
"D28.Tgf2_37"	"alpha"
"D28.Tgf2_38"	"acinar"
"D28.Tgf2_39"	"duct"
"D28.Tgf2_40"	"duct"
"D28.Tgf2_41"	"acinar"
"D28.Tgf2_42"	"acinar"
"D28.Tgf2_43"	"mesenchymal"
"D28.Tgf2_49"	"mesenchymal"
"D28.Tgf2_50"	"acinar"
"D28.Tgf2_51"	"acinar"
"D28.Tgf2_52"	"alpha"
"D28.Tgf2_53"	"beta"
"D28.Tgf2_61"	"acinar"
"D28.Tgf2_62"	"acinar"
"D28.Tgf2_63"	"acinar"
"D28.Tgf2_64"	"mesenchymal"
"D28.Tgf2_65"	"alpha"
"D28.Tgf2_66"	"duct"
"D28.Tgf2_73"	"acinar"
"D28.Tgf2_74"	"acinar"
"D28.Tgf2_75"	"duct"
"D28.Tgf2_76"	"acinar"
"D28.Tgf2_77"	"alpha"
"D28.Tgf2_86"	"beta"
"D28.Tgf2_87"	"beta"
"D28.Tgf2_88"	"alpha"
"D28.Tgf2_89"	"acinar"
"D28.Tgf3_1"	"acinar"
"D28.Tgf3_3"	"alpha"
"D28.Tgf3_4"	"pp"
"D28.Tgf3_5"	"alpha"
"D28.Tgf3_7"	"alpha"
"D28.Tgf3_13"	"alpha"
"D28.Tgf3_15"	"duct"
"D28.Tgf3_16"	"alpha"
"D28.Tgf3_18"	"duct"
"D28.Tgf3_19"	"alpha"
"D28.Tgf3_37"	"acinar"
"D28.Tgf3_38"	"delta"
"D28.Tgf3_39"	"acinar"
"D28.Tgf3_40"	"acinar"
"D28.Tgf3_41"	"acinar"
"D28.Tgf3_42"	"duct"
"D28.Tgf3_49"	"alpha"
"D28.Tgf3_50"	"duct"
"D28.Tgf3_51"	"acinar"
"D28.Tgf3_52"	"acinar"
"D28.Tgf3_53"	"alpha"
"D28.Tgf3_61"	"alpha"
"D28.Tgf3_62"	"acinar"
"D28.Tgf3_63"	"alpha"
"D28.Tgf3_64"	"acinar"
"D28.Tgf3_65"	"beta"
"D28.Tgf3_66"	"alpha"
"D28.Tgf3_68"	"mesenchymal"
"D28.Tgf3_73"	"delta"
"D28.Tgf3_74"	"mesenchymal"
"D28.Tgf3_75"	"acinar"
"D28.Tgf3_76"	"duct"
"D28.Tgf3_77"	"alpha"
"D28.Tgf3_78"	"acinar"
"D28.Tgf3_85"	"duct"
"D28.Tgf3_86"	"endothelial"
"D28.Tgf3_87"	"duct"
"D28.Tgf3_88"	"mesenchymal"
"D28.Tgf3_89"	"duct"
"D28.Tgf4_1"	"duct"
"D28.Tgf4_2"	"alpha"
"D28.Tgf4_4"	"duct"
"D28.Tgf4_5"	"alpha"
"D28.Tgf4_6"	"acinar"
"D28.Tgf4_14"	"alpha"
"D28.Tgf4_15"	"alpha"
"D28.Tgf4_16"	"mesenchymal"
"D28.Tgf4_18"	"alpha"
"D28.Tgf4_25"	"alpha"
"D28.Tgf4_26"	"delta"
"D28.Tgf4_27"	"alpha"
"D28.Tgf4_28"	"duct"
"D28.Tgf4_29"	"beta"
"D28.Tgf4_31"	"duct"
"D28.Tgf4_37"	"duct"
"D28.Tgf4_38"	"pp"
"D28.Tgf4_39"	"acinar"
"D28.Tgf4_41"	"alpha"
"D28.Tgf4_42"	"beta"
"D28.Tgf4_49"	"acinar"
"D28.Tgf4_50"	"duct"
"D28.Tgf4_51"	"duct"
"D28.Tgf4_52"	"endothelial"
"D28.Tgf4_53"	"acinar"
"D28.Tgf4_55"	"duct"
"D28.Tgf4_61"	"delta"
"D28.Tgf4_62"	"acinar"
"D28.Tgf4_63"	"acinar"
"D28.Tgf4_65"	"mesenchymal"
"D28.Tgf4_66"	"mesenchymal"
"D28.Tgf4_73"	"mesenchymal"
"D28.Tgf4_74"	"alpha"
"D28.Tgf4_75"	"acinar"
"D28.Tgf4_77"	"acinar"
"D28.Tgf4_78"	"duct"
"D28.Tgf4_85"	"beta"
"D28.Tgf4_86"	"alpha"
"D28.Tgf4_87"	"duct"
"D28.Tgf4_88"	"beta"
"D28.Tgf4_90"	"duct"
"D29.1_1"	"alpha"
"D29.1_2"	"endothelial"
"D29.1_3"	"delta"
"D29.1_4"	"alpha"
"D29.1_6"	"alpha"
"D29.1_7"	"alpha"
"D29.1_8"	"delta"
"D29.1_11"	"alpha"
"D29.1_12"	"pp"
"D29.1_13"	"alpha"
"D29.1_15"	"pp"
"D29.1_16"	"delta"
"D29.1_17"	"alpha"
"D29.1_18"	"alpha"
"D29.1_19"	"alpha"
"D29.1_20"	"alpha"
"D29.1_21"	"beta"
"D29.1_24"	"beta"
"D29.1_26"	"alpha"
"D29.1_27"	"alpha"
"D29.1_29"	"alpha"
"D29.1_30"	"pp"
"D29.1_32"	"alpha"
"D29.1_33"	"delta"
"D29.1_34"	"alpha"
"D29.1_35"	"pp"
"D29.1_36"	"beta"
"D29.1_37"	"alpha"
"D29.1_38"	"alpha"
"D29.1_39"	"beta"
"D29.1_40"	"beta"
"D29.1_41"	"alpha"
"D29.1_42"	"delta"
"D29.1_44"	"alpha"
"D29.1_45"	"delta"
"D29.1_46"	"alpha"
"D29.1_47"	"alpha"
"D29.1_48"	"beta"
"D29.1_49"	"delta"
"D29.1_50"	"alpha"
"D29.1_51"	"alpha"
"D29.1_52"	"beta"
"D29.1_53"	"beta"
"D29.1_54"	"duct"
"D29.1_55"	"alpha"
"D29.1_56"	"delta"
"D29.1_57"	"delta"
"D29.1_58"	"pp"
"D29.1_59"	"alpha"
"D29.1_60"	"alpha"
"D29.1_61"	"mesenchymal"
"D29.1_62"	"alpha"
"D29.1_65"	"duct"
"D29.1_66"	"pp"
"D29.1_67"	"pp"
"D29.1_68"	"acinar"
"D29.1_69"	"alpha"
"D29.1_70"	"beta"
"D29.1_71"	"pp"
"D29.1_72"	"pp"
"D29.1_73"	"pp"
"D29.1_74"	"delta"
"D29.1_75"	"beta"
"D29.1_76"	"alpha"
"D29.1_77"	"beta"
"D29.1_78"	"beta"
"D29.1_79"	"beta"
"D29.1_80"	"alpha"
"D29.1_81"	"beta"
"D29.1_82"	"beta"
"D29.1_83"	"delta"
"D29.1_84"	"beta"
"D29.1_86"	"pp"
"D29.1_87"	"alpha"
"D29.1_88"	"beta"
"D29.1_89"	"alpha"
"D29.1_90"	"pp"
"D29.1_92"	"beta"
"D29.1_93"	"delta"
"D29.1_94"	"beta"
"D29.2_1"	"mesenchymal"
"D29.2_3"	"alpha"
"D29.2_4"	"delta"
"D29.2_5"	"beta"
"D29.2_6"	"alpha"
"D29.2_7"	"duct"
"D29.2_8"	"alpha"
"D29.2_9"	"delta"
"D29.2_10"	"delta"
"D29.2_11"	"beta"
"D29.2_12"	"duct"
"D29.2_13"	"alpha"
"D29.2_15"	"alpha"
"D29.2_16"	"delta"
"D29.2_18"	"beta"
"D29.2_19"	"pp"
"D29.2_20"	"beta"
"D29.2_22"	"alpha"
"D29.2_24"	"beta"
"D29.2_25"	"alpha"
"D29.2_26"	"beta"
"D29.2_27"	"beta"
"D29.2_28"	"alpha"
"D29.2_30"	"beta"
"D29.2_31"	"alpha"
"D29.2_33"	"alpha"
"D29.2_34"	"delta"
"D29.2_35"	"alpha"
"D29.2_37"	"alpha"
"D29.2_38"	"alpha"
"D29.2_39"	"alpha"
"D29.2_41"	"alpha"
"D29.2_42"	"pp"
"D29.2_43"	"pp"
"D29.2_45"	"alpha"
"D29.2_46"	"delta"
"D29.2_47"	"pp"
"D29.2_48"	"alpha"
"D29.2_49"	"duct"
"D29.2_50"	"beta"
"D29.2_51"	"alpha"
"D29.2_52"	"alpha"
"D29.2_53"	"beta"
"D29.2_54"	"duct"
"D29.2_56"	"beta"
"D29.2_57"	"duct"
"D29.2_58"	"pp"
"D29.2_59"	"pp"
"D29.2_60"	"beta"
"D29.2_61"	"duct"
"D29.2_62"	"beta"
"D29.2_63"	"duct"
"D29.2_64"	"pp"
"D29.2_65"	"duct"
"D29.2_66"	"beta"
"D29.2_67"	"alpha"
"D29.2_68"	"pp"
"D29.2_69"	"alpha"
"D29.2_70"	"beta"
"D29.2_71"	"alpha"
"D29.2_72"	"beta"
"D29.2_74"	"alpha"
"D29.2_75"	"alpha"
"D29.2_76"	"alpha"
"D29.2_78"	"pp"
"D29.2_79"	"beta"
"D29.2_80"	"beta"
"D29.2_81"	"beta"
"D29.2_82"	"delta"
"D29.2_84"	"alpha"
"D29.2_87"	"pp"
"D29.2_88"	"duct"
"D29.2_89"	"beta"
"D29.2_90"	"alpha"
"D29.2_91"	"alpha"
"D29.2_92"	"pp"
"D29.2_93"	"alpha"
"D29.2_94"	"alpha"
"D29.3_1"	"pp"
"D29.3_3"	"alpha"
"D29.3_5"	"beta"
"D29.3_6"	"acinar"
"D29.3_7"	"beta"
"D29.3_8"	"delta"
"D29.3_9"	"delta"
"D29.3_11"	"delta"
"D29.3_12"	"beta"
"D29.3_13"	"delta"
"D29.3_15"	"pp"
"D29.3_16"	"pp"
"D29.3_17"	"duct"
"D29.3_18"	"alpha"
"D29.3_21"	"beta"
"D29.3_22"	"alpha"
"D29.3_23"	"beta"
"D29.3_24"	"beta"
"D29.3_25"	"alpha"
"D29.3_28"	"beta"
"D29.3_29"	"alpha"
"D29.3_30"	"alpha"
"D29.3_31"	"alpha"
"D29.3_32"	"pp"
"D29.3_33"	"alpha"
"D29.3_34"	"alpha"
"D29.3_36"	"beta"
"D29.3_37"	"beta"
"D29.3_38"	"alpha"
"D29.3_39"	"beta"
"D29.3_40"	"alpha"
"D29.3_42"	"alpha"
"D29.3_43"	"delta"
"D29.3_44"	"pp"
"D29.3_45"	"delta"
"D29.3_47"	"alpha"
"D29.3_48"	"beta"
"D29.3_49"	"alpha"
"D29.3_50"	"unclear"
"D29.3_51"	"beta"
"D29.3_52"	"beta"
"D29.3_53"	"alpha"
"D29.3_54"	"alpha"
"D29.3_56"	"alpha"
"D29.3_57"	"delta"
"D29.3_58"	"delta"
"D29.3_59"	"beta"
"D29.3_60"	"alpha"
"D29.3_61"	"beta"
"D29.3_64"	"beta"
"D29.3_66"	"alpha"
"D29.3_68"	"beta"
"D29.3_69"	"delta"
"D29.3_71"	"pp"
"D29.3_72"	"alpha"
"D29.3_73"	"mesenchymal"
"D29.3_74"	"alpha"
"D29.3_76"	"alpha"
"D29.3_77"	"alpha"
"D29.3_78"	"beta"
"D29.3_79"	"alpha"
"D29.3_81"	"alpha"
"D29.3_82"	"delta"
"D29.3_83"	"beta"
"D29.3_84"	"alpha"
"D29.3_85"	"delta"
"D29.3_86"	"beta"
"D29.3_87"	"beta"
"D29.3_92"	"alpha"
"D29.3_93"	"alpha"
"D29.3_94"	"beta"
"D29.4_2"	"alpha"
"D29.4_3"	"pp"
"D29.4_4"	"pp"
"D29.4_5"	"alpha"
"D29.4_6"	"pp"
"D29.4_8"	"mesenchymal"
"D29.4_9"	"alpha"
"D29.4_12"	"alpha"
"D29.4_13"	"alpha"
"D29.4_15"	"alpha"
"D29.4_16"	"alpha"
"D29.4_17"	"delta"
"D29.4_18"	"alpha"
"D29.4_19"	"beta"
"D29.4_20"	"pp"
"D29.4_22"	"alpha"
"D29.4_23"	"beta"
"D29.4_25"	"alpha"
"D29.4_26"	"alpha"
"D29.4_27"	"beta"
"D29.4_28"	"alpha"
"D29.4_29"	"alpha"
"D29.4_30"	"alpha"
"D29.4_31"	"beta"
"D29.4_33"	"alpha"
"D29.4_34"	"alpha"
"D29.4_35"	"alpha"
"D29.4_38"	"alpha"
"D29.4_39"	"beta"
"D29.4_41"	"delta"
"D29.4_42"	"beta"
"D29.4_43"	"delta"
"D29.4_44"	"beta"
"D29.4_45"	"duct"
"D29.4_46"	"alpha"
"D29.4_47"	"duct"
"D29.4_48"	"pp"
"D29.4_49"	"alpha"
"D29.4_50"	"alpha"
"D29.4_51"	"alpha"
"D29.4_52"	"beta"
"D29.4_53"	"alpha"
"D29.4_55"	"alpha"
"D29.4_56"	"alpha"
"D29.4_57"	"alpha"
"D29.4_58"	"alpha"
"D29.4_59"	"beta"
"D29.4_60"	"alpha"
"D29.4_61"	"alpha"
"D29.4_62"	"alpha"
"D29.4_63"	"beta"
"D29.4_64"	"delta"
"D29.4_65"	"alpha"
"D29.4_66"	"alpha"
"D29.4_67"	"beta"
"D29.4_68"	"alpha"
"D29.4_70"	"alpha"
"D29.4_72"	"alpha"
"D29.4_73"	"beta"
"D29.4_74"	"alpha"
"D29.4_75"	"alpha"
"D29.4_77"	"alpha"
"D29.4_79"	"beta"
"D29.4_80"	"alpha"
"D29.4_81"	"delta"
"D29.4_82"	"mesenchymal"
"D29.4_83"	"delta"
"D29.4_84"	"epsilon"
"D29.4_85"	"alpha"
"D29.4_86"	"pp"
"D29.4_88"	"beta"
"D29.4_90"	"delta"
"D29.4_92"	"beta"
"D29.4_93"	"alpha"
"D29.4_94"	"beta"
"D29.5_3"	"alpha"
"D29.5_6"	"pp"
"D29.5_7"	"alpha"
"D29.5_8"	"alpha"
"D29.5_10"	"beta"
"D29.5_11"	"alpha"
"D29.5_12"	"beta"
"D29.5_14"	"beta"
"D29.5_17"	"alpha"
"D29.5_18"	"alpha"
"D29.5_19"	"alpha"
"D29.5_20"	"beta"
"D29.5_21"	"beta"
"D29.5_22"	"beta"
"D29.5_23"	"beta"
"D29.5_24"	"alpha"
"D29.5_30"	"beta"
"D29.5_31"	"alpha"
"D29.5_32"	"delta"
"D29.5_33"	"alpha"
"D29.5_34"	"beta"
"D29.5_35"	"alpha"
"D29.5_36"	"delta"
"D29.5_37"	"beta"
"D29.5_39"	"alpha"
"D29.5_40"	"beta"
"D29.5_43"	"beta"
"D29.5_44"	"alpha"
"D29.5_46"	"alpha"
"D29.5_47"	"delta"
"D29.5_48"	"beta"
"D29.5_49"	"alpha"
"D29.5_51"	"pp"
"D29.5_52"	"beta"
"D29.5_53"	"beta"
"D29.5_54"	"alpha"
"D29.5_55"	"beta"
"D29.5_56"	"alpha"
"D29.5_57"	"alpha"
"D29.5_58"	"beta"
"D29.5_59"	"alpha"
"D29.5_60"	"beta"
"D29.5_61"	"beta"
"D29.5_62"	"beta"
"D29.5_63"	"beta"
"D29.5_64"	"duct"
"D29.5_65"	"alpha"
"D29.5_66"	"delta"
"D29.5_67"	"alpha"
"D29.5_68"	"alpha"
"D29.5_69"	"beta"
"D29.5_70"	"beta"
"D29.5_71"	"alpha"
"D29.5_73"	"acinar"
"D29.5_75"	"alpha"
"D29.5_76"	"delta"
"D29.5_77"	"delta"
"D29.5_78"	"pp"
"D29.5_79"	"pp"
"D29.5_82"	"alpha"
"D29.5_83"	"delta"
"D29.5_86"	"beta"
"D29.5_87"	"alpha"
"D29.5_89"	"duct"
"D29.5_91"	"beta"
"D29.5_92"	"alpha"
"D29.6_1"	"alpha"
"D29.6_3"	"beta"
"D29.6_4"	"pp"
"D29.6_6"	"pp"
"D29.6_8"	"alpha"
"D29.6_9"	"pp"
"D29.6_10"	"delta"
"D29.6_11"	"pp"
"D29.6_16"	"beta"
"D29.6_17"	"alpha"
"D29.6_19"	"alpha"
"D29.6_21"	"alpha"
"D29.6_22"	"delta"
"D29.6_24"	"alpha"
"D29.6_26"	"alpha"
"D29.6_27"	"alpha"
"D29.6_28"	"beta"
"D29.6_29"	"alpha"
"D29.6_30"	"delta"
"D29.6_32"	"beta"
"D29.6_33"	"pp"
"D29.6_34"	"alpha"
"D29.6_38"	"alpha"
"D29.6_39"	"beta"
"D29.6_40"	"alpha"
"D29.6_41"	"alpha"
"D29.6_42"	"alpha"
"D29.6_43"	"beta"
"D29.6_44"	"delta"
"D29.6_46"	"delta"
"D29.6_48"	"alpha"
"D29.6_50"	"beta"
"D29.6_51"	"alpha"
"D29.6_52"	"alpha"
"D29.6_53"	"alpha"
"D29.6_54"	"alpha"
"D29.6_55"	"pp"
"D29.6_56"	"beta"
"D29.6_57"	"alpha"
"D29.6_58"	"alpha"
"D29.6_59"	"beta"
"D29.6_60"	"alpha"
"D29.6_62"	"beta"
"D29.6_63"	"delta"
"D29.6_64"	"alpha"
"D29.6_65"	"alpha"
"D29.6_66"	"delta"
"D29.6_67"	"beta"
"D29.6_69"	"alpha"
"D29.6_70"	"beta"
"D29.6_72"	"beta"
"D29.6_77"	"beta"
"D29.6_78"	"alpha"
"D29.6_79"	"beta"
"D29.6_80"	"beta"
"D29.6_82"	"alpha"
"D29.6_84"	"alpha"
"D29.6_86"	"alpha"
"D29.6_87"	"delta"
"D29.6_88"	"pp"
"D29.6_89"	"alpha"
"D29.6_90"	"alpha"
"D29.6_91"	"alpha"
"D29.6_94"	"alpha"
"D29.7_1"	"alpha"
"D29.7_2"	"beta"
"D29.7_3"	"beta"
"D29.7_4"	"delta"
"D29.7_5"	"acinar"
"D29.7_6"	"alpha"
"D29.7_8"	"pp"
"D29.7_12"	"beta"
"D29.7_14"	"beta"
"D29.7_17"	"beta"
"D29.7_18"	"endothelial"
"D29.7_19"	"delta"
"D29.7_20"	"duct"
"D29.7_21"	"delta"
"D29.7_23"	"pp"
"D29.7_25"	"alpha"
"D29.7_28"	"delta"
"D29.7_30"	"pp"
"D29.7_31"	"beta"
"D29.7_32"	"alpha"
"D29.7_33"	"alpha"
"D29.7_34"	"pp"
"D29.7_35"	"pp"
"D29.7_36"	"pp"
"D29.7_37"	"beta"
"D29.7_38"	"alpha"
"D29.7_39"	"beta"
"D29.7_40"	"pp"
"D29.7_41"	"beta"
"D29.7_42"	"beta"
"D29.7_43"	"alpha"
"D29.7_44"	"alpha"
"D29.7_45"	"beta"
"D29.7_46"	"alpha"
"D29.7_47"	"alpha"
"D29.7_48"	"beta"
"D29.7_49"	"acinar"
"D29.7_50"	"alpha"
"D29.7_51"	"alpha"
"D29.7_52"	"beta"
"D29.7_54"	"delta"
"D29.7_55"	"alpha"
"D29.7_56"	"alpha"
"D29.7_57"	"alpha"
"D29.7_58"	"beta"
"D29.7_59"	"alpha"
"D29.7_60"	"pp"
"D29.7_61"	"pp"
"D29.7_62"	"duct"
"D29.7_63"	"delta"
"D29.7_64"	"alpha"
"D29.7_65"	"alpha"
"D29.7_68"	"beta"
"D29.7_69"	"beta"
"D29.7_70"	"alpha"
"D29.7_71"	"epsilon"
"D29.7_72"	"alpha"
"D29.7_73"	"alpha"
"D29.7_74"	"beta"
"D29.7_75"	"beta"
"D29.7_76"	"alpha"
"D29.7_77"	"pp"
"D29.7_78"	"delta"
"D29.7_79"	"delta"
"D29.7_80"	"alpha"
"D29.7_81"	"delta"
"D29.7_82"	"alpha"
"D29.7_84"	"alpha"
"D29.7_85"	"alpha"
"D29.7_86"	"beta"
"D29.7_87"	"beta"
"D29.7_89"	"beta"
"D29.7_90"	"alpha"
"D29.7_92"	"alpha"
"D29.7_93"	"pp"
"D29.7_94"	"pp"
"D29.8_2"	"alpha"
"D29.8_4"	"mesenchymal"
"D29.8_7"	"alpha"
"D29.8_8"	"beta"
"D29.8_10"	"delta"
"D29.8_11"	"beta"
"D29.8_12"	"beta"
"D29.8_13"	"delta"
"D29.8_14"	"alpha"
"D29.8_15"	"delta"
"D29.8_18"	"alpha"
"D29.8_19"	"pp"
"D29.8_20"	"alpha"
"D29.8_23"	"beta"
"D29.8_24"	"alpha"
"D29.8_25"	"alpha"
"D29.8_27"	"alpha"
"D29.8_29"	"alpha"
"D29.8_30"	"alpha"
"D29.8_32"	"alpha"
"D29.8_33"	"alpha"
"D29.8_34"	"beta"
"D29.8_35"	"alpha"
"D29.8_37"	"alpha"
"D29.8_39"	"alpha"
"D29.8_40"	"alpha"
"D29.8_43"	"pp"
"D29.8_45"	"alpha"
"D29.8_46"	"delta"
"D29.8_48"	"pp"
"D29.8_49"	"beta"
"D29.8_50"	"beta"
"D29.8_51"	"alpha"
"D29.8_52"	"beta"
"D29.8_54"	"delta"
"D29.8_55"	"alpha"
"D29.8_56"	"alpha"
"D29.8_59"	"alpha"
"D29.8_60"	"alpha"
"D29.8_62"	"delta"
"D29.8_63"	"duct"
"D29.8_64"	"alpha"
"D29.8_65"	"alpha"
"D29.8_66"	"alpha"
"D29.8_67"	"beta"
"D29.8_68"	"delta"
"D29.8_72"	"delta"
"D29.8_73"	"delta"
"D29.8_74"	"beta"
"D29.8_75"	"duct"
"D29.8_76"	"alpha"
"D29.8_77"	"alpha"
"D29.8_79"	"delta"
"D29.8_80"	"delta"
"D29.8_81"	"delta"
"D29.8_82"	"alpha"
"D29.8_83"	"delta"
"D29.8_84"	"alpha"
"D29.8_86"	"beta"
"D29.8_87"	"beta"
"D29.8_88"	"duct"
"D29.8_90"	"beta"
"D29.8_91"	"beta"
"D29.8_94"	"beta"
"D31.1_1"	"beta"
"D31.1_2"	"alpha"
"D31.1_4"	"alpha"
"D31.1_5"	"acinar"
"D31.1_6"	"delta"
"D31.1_7"	"acinar"
"D31.1_8"	"alpha"
"D31.1_9"	"acinar"
"D31.1_10"	"beta"
"D31.1_11"	"beta"
"D31.1_12"	"duct"
"D31.1_14"	"beta"
"D31.1_15"	"delta"
"D31.1_16"	"duct"
"D31.1_17"	"alpha"
"D31.1_19"	"acinar"
"D31.1_20"	"beta"
"D31.1_21"	"acinar"
"D31.1_22"	"acinar"
"D31.1_23"	"mesenchymal"
"D31.1_24"	"alpha"
"D31.1_25"	"acinar"
"D31.1_26"	"beta"
"D31.1_27"	"acinar"
"D31.1_28"	"beta"
"D31.1_29"	"beta"
"D31.1_31"	"alpha"
"D31.1_32"	"alpha"
"D31.1_33"	"delta"
"D31.1_34"	"beta"
"D31.1_35"	"alpha"
"D31.1_36"	"mesenchymal"
"D31.1_38"	"beta"
"D31.1_39"	"duct"
"D31.1_40"	"alpha"
"D31.1_41"	"endothelial"
"D31.1_42"	"alpha"
"D31.1_43"	"alpha"
"D31.1_44"	"acinar"
"D31.1_45"	"acinar"
"D31.1_46"	"alpha"
"D31.1_47"	"beta"
"D31.1_48"	"acinar"
"D31.1_49"	"alpha"
"D31.1_50"	"duct"
"D31.1_51"	"acinar"
"D31.1_52"	"alpha"
"D31.1_53"	"beta"
"D31.1_54"	"beta"
"D31.1_55"	"duct"
"D31.1_56"	"beta"
"D31.1_58"	"acinar"
"D31.1_59"	"alpha"
"D31.1_60"	"alpha"
"D31.1_61"	"alpha"
"D31.1_62"	"duct"
"D31.1_63"	"beta"
"D31.1_64"	"alpha"
"D31.1_65"	"pp"
"D31.1_66"	"alpha"
"D31.1_67"	"alpha"
"D31.1_68"	"beta"
"D31.1_69"	"alpha"
"D31.1_70"	"acinar"
"D31.1_72"	"duct"
"D31.1_73"	"beta"
"D31.1_74"	"beta"
"D31.1_75"	"alpha"
"D31.1_76"	"duct"
"D31.1_77"	"duct"
"D31.1_78"	"alpha"
"D31.1_79"	"pp"
"D31.1_80"	"beta"
"D31.1_81"	"pp"
"D31.1_82"	"duct"
"D31.1_83"	"duct"
"D31.1_84"	"duct"
"D31.1_85"	"alpha"
"D31.1_86"	"beta"
"D31.1_87"	"alpha"
"D31.1_88"	"acinar"
"D31.1_89"	"alpha"
"D31.1_90"	"duct"
"D31.1_91"	"alpha"
"D31.1_92"	"alpha"
"D31.1_93"	"duct"
"D31.2_1"	"beta"
"D31.2_2"	"alpha"
"D31.2_3"	"beta"
"D31.2_4"	"duct"
"D31.2_5"	"delta"
"D31.2_6"	"acinar"
"D31.2_7"	"alpha"
"D31.2_9"	"alpha"
"D31.2_10"	"duct"
"D31.2_11"	"alpha"
"D31.2_12"	"delta"
"D31.2_13"	"alpha"
"D31.2_14"	"alpha"
"D31.2_15"	"acinar"
"D31.2_17"	"duct"
"D31.2_18"	"acinar"
"D31.2_19"	"mesenchymal"
"D31.2_20"	"duct"
"D31.2_21"	"duct"
"D31.2_22"	"alpha"
"D31.2_23"	"beta"
"D31.2_24"	"mesenchymal"
"D31.2_26"	"acinar"
"D31.2_27"	"beta"
"D31.2_28"	"beta"
"D31.2_29"	"delta"
"D31.2_30"	"acinar"
"D31.2_31"	"alpha"
"D31.2_32"	"alpha"
"D31.2_33"	"alpha"
"D31.2_34"	"beta"
"D31.2_35"	"duct"
"D31.2_36"	"delta"
"D31.2_37"	"duct"
"D31.2_38"	"acinar"
"D31.2_39"	"alpha"
"D31.2_40"	"duct"
"D31.2_41"	"duct"
"D31.2_43"	"beta"
"D31.2_44"	"alpha"
"D31.2_45"	"alpha"
"D31.2_46"	"beta"
"D31.2_47"	"beta"
"D31.2_48"	"beta"
"D31.2_49"	"beta"
"D31.2_50"	"alpha"
"D31.2_52"	"beta"
"D31.2_53"	"acinar"
"D31.2_54"	"duct"
"D31.2_55"	"pp"
"D31.2_56"	"alpha"
"D31.2_57"	"alpha"
"D31.2_58"	"beta"
"D31.2_59"	"duct"
"D31.2_60"	"pp"
"D31.2_61"	"acinar"
"D31.2_62"	"mesenchymal"
"D31.2_63"	"alpha"
"D31.2_64"	"alpha"
"D31.2_65"	"beta"
"D31.2_66"	"beta"
"D31.2_67"	"alpha"
"D31.2_68"	"duct"
"D31.2_69"	"acinar"
"D31.2_70"	"delta"
"D31.2_71"	"beta"
"D31.2_72"	"beta"
"D31.2_73"	"duct"
"D31.2_74"	"alpha"
"D31.2_75"	"acinar"
"D31.2_76"	"duct"
"D31.2_77"	"duct"
"D31.2_78"	"duct"
"D31.2_79"	"delta"
"D31.2_80"	"mesenchymal"
"D31.2_81"	"alpha"
"D31.2_82"	"alpha"
"D31.2_83"	"acinar"
"D31.2_84"	"duct"
"D31.2_85"	"mesenchymal"
"D31.2_86"	"acinar"
"D31.2_87"	"duct"
"D31.2_89"	"alpha"
"D31.2_91"	"mesenchymal"
"D31.2_92"	"beta"
"D31.2_93"	"alpha"
"D31.2_94"	"duct"
"D31.3_1"	"acinar"
"D31.3_2"	"alpha"
"D31.3_3"	"alpha"
"D31.3_4"	"beta"
"D31.3_5"	"alpha"
"D31.3_10"	"beta"
"D31.3_12"	"duct"
"D31.3_13"	"alpha"
"D31.3_14"	"acinar"
"D31.3_15"	"mesenchymal"
"D31.3_16"	"delta"
"D31.3_17"	"beta"
"D31.3_18"	"alpha"
"D31.3_19"	"alpha"
"D31.3_21"	"duct"
"D31.3_22"	"beta"
"D31.3_23"	"acinar"
"D31.3_24"	"alpha"
"D31.3_25"	"duct"
"D31.3_26"	"acinar"
"D31.3_27"	"alpha"
"D31.3_28"	"alpha"
"D31.3_29"	"alpha"
"D31.3_30"	"pp"
"D31.3_31"	"beta"
"D31.3_32"	"alpha"
"D31.3_33"	"beta"
"D31.3_35"	"alpha"
"D31.3_36"	"acinar"
"D31.3_37"	"duct"
"D31.3_38"	"alpha"
"D31.3_39"	"alpha"
"D31.3_40"	"acinar"
"D31.3_41"	"delta"
"D31.3_42"	"delta"
"D31.3_43"	"beta"
"D31.3_45"	"alpha"
"D31.3_46"	"alpha"
"D31.3_47"	"duct"
"D31.3_48"	"acinar"
"D31.3_50"	"beta"
"D31.3_52"	"alpha"
"D31.3_53"	"acinar"
"D31.3_54"	"beta"
"D31.3_55"	"alpha"
"D31.3_56"	"pp"
"D31.3_57"	"alpha"
"D31.3_59"	"mesenchymal"
"D31.3_60"	"acinar"
"D31.3_61"	"pp"
"D31.3_62"	"delta"
"D31.3_63"	"acinar"
"D31.3_64"	"acinar"
"D31.3_65"	"duct"
"D31.3_66"	"beta"
"D31.3_67"	"delta"
"D31.3_68"	"beta"
"D31.3_69"	"acinar"
"D31.3_70"	"alpha"
"D31.3_71"	"endothelial"
"D31.3_72"	"pp"
"D31.3_73"	"acinar"
"D31.3_75"	"beta"
"D31.3_76"	"alpha"
"D31.3_77"	"pp"
"D31.3_78"	"acinar"
"D31.3_79"	"alpha"
"D31.3_80"	"duct"
"D31.3_81"	"duct"
"D31.3_82"	"duct"
"D31.3_83"	"beta"
"D31.3_84"	"alpha"
"D31.3_85"	"alpha"
"D31.3_86"	"acinar"
"D31.3_87"	"beta"
"D31.3_88"	"delta"
"D31.3_89"	"acinar"
"D31.3_90"	"alpha"
"D31.3_91"	"alpha"
"D31.3_92"	"beta"
"D31.3_94"	"alpha"
"D31.4_1"	"alpha"
"D31.4_2"	"delta"
"D31.4_4"	"pp"
"D31.4_5"	"alpha"
"D31.4_6"	"alpha"
"D31.4_7"	"alpha"
"D31.4_8"	"delta"
"D31.4_9"	"acinar"
"D31.4_10"	"beta"
"D31.4_11"	"alpha"
"D31.4_13"	"acinar"
"D31.4_14"	"acinar"
"D31.4_15"	"pp"
"D31.4_16"	"mesenchymal"
"D31.4_17"	"beta"
"D31.4_18"	"alpha"
"D31.4_19"	"beta"
"D31.4_20"	"alpha"
"D31.4_21"	"beta"
"D31.4_22"	"alpha"
"D31.4_23"	"alpha"
"D31.4_24"	"alpha"
"D31.4_25"	"beta"
"D31.4_26"	"alpha"
"D31.4_27"	"alpha"
"D31.4_28"	"delta"
"D31.4_29"	"alpha"
"D31.4_30"	"alpha"
"D31.4_31"	"alpha"
"D31.4_32"	"alpha"
"D31.4_33"	"duct"
"D31.4_34"	"beta"
"D31.4_35"	"duct"
"D31.4_36"	"acinar"
"D31.4_37"	"pp"
"D31.4_38"	"duct"
"D31.4_39"	"beta"
"D31.4_40"	"pp"
"D31.4_41"	"acinar"
"D31.4_42"	"alpha"
"D31.4_43"	"acinar"
"D31.4_44"	"beta"
"D31.4_45"	"beta"
"D31.4_46"	"delta"
"D31.4_47"	"alpha"
"D31.4_48"	"acinar"
"D31.4_49"	"beta"
"D31.4_50"	"alpha"
"D31.4_51"	"beta"
"D31.4_52"	"alpha"
"D31.4_53"	"alpha"
"D31.4_54"	"alpha"
"D31.4_55"	"acinar"
"D31.4_56"	"duct"
"D31.4_57"	"duct"
"D31.4_58"	"beta"
"D31.4_59"	"alpha"
"D31.4_60"	"delta"
"D31.4_61"	"alpha"
"D31.4_62"	"delta"
"D31.4_63"	"beta"
"D31.4_64"	"beta"
"D31.4_65"	"beta"
"D31.4_66"	"beta"
"D31.4_67"	"mesenchymal"
"D31.4_68"	"duct"
"D31.4_69"	"duct"
"D31.4_70"	"acinar"
"D31.4_71"	"duct"
"D31.4_72"	"acinar"
"D31.4_73"	"duct"
"D31.4_74"	"delta"
"D31.4_75"	"beta"
"D31.4_76"	"duct"
"D31.4_77"	"duct"
"D31.4_78"	"delta"
"D31.4_79"	"pp"
"D31.4_80"	"alpha"
"D31.4_81"	"alpha"
"D31.4_82"	"beta"
"D31.4_83"	"beta"
"D31.4_84"	"alpha"
"D31.4_85"	"beta"
"D31.4_87"	"alpha"
"D31.4_89"	"alpha"
"D31.4_90"	"duct"
"D31.4_91"	"acinar"
"D31.4_92"	"beta"
"D31.4_93"	"acinar"
"D31.4_94"	"beta"
"D31.5_1"	"acinar"
"D31.5_2"	"alpha"
"D31.5_3"	"beta"
"D31.5_4"	"acinar"
"D31.5_5"	"beta"
"D31.5_8"	"alpha"
"D31.5_9"	"beta"
"D31.5_10"	"alpha"
"D31.5_11"	"alpha"
"D31.5_12"	"alpha"
"D31.5_13"	"duct"
"D31.5_14"	"duct"
"D31.5_15"	"beta"
"D31.5_16"	"acinar"
"D31.5_17"	"alpha"
"D31.5_18"	"delta"
"D31.5_19"	"duct"
"D31.5_20"	"alpha"
"D31.5_21"	"alpha"
"D31.5_22"	"beta"
"D31.5_23"	"delta"
"D31.5_24"	"alpha"
"D31.5_25"	"alpha"
"D31.5_26"	"beta"
"D31.5_27"	"beta"
"D31.5_29"	"beta"
"D31.5_30"	"beta"
"D31.5_32"	"beta"
"D31.5_33"	"alpha"
"D31.5_34"	"acinar"
"D31.5_35"	"alpha"
"D31.5_36"	"alpha"
"D31.5_37"	"duct"
"D31.5_38"	"beta"
"D31.5_39"	"acinar"
"D31.5_41"	"duct"
"D31.5_42"	"delta"
"D31.5_44"	"alpha"
"D31.5_45"	"acinar"
"D31.5_46"	"delta"
"D31.5_47"	"duct"
"D31.5_48"	"acinar"
"D31.5_49"	"alpha"
"D31.5_50"	"alpha"
"D31.5_51"	"duct"
"D31.5_52"	"beta"
"D31.5_53"	"alpha"
"D31.5_54"	"alpha"
"D31.5_55"	"delta"
"D31.5_56"	"alpha"
"D31.5_57"	"acinar"
"D31.5_58"	"alpha"
"D31.5_59"	"alpha"
"D31.5_60"	"acinar"
"D31.5_61"	"beta"
"D31.5_62"	"alpha"
"D31.5_63"	"alpha"
"D31.5_64"	"duct"
"D31.5_65"	"duct"
"D31.5_66"	"alpha"
"D31.5_67"	"alpha"
"D31.5_68"	"alpha"
"D31.5_69"	"acinar"
"D31.5_70"	"acinar"
"D31.5_71"	"delta"
"D31.5_72"	"duct"
"D31.5_73"	"duct"
"D31.5_74"	"beta"
"D31.5_75"	"acinar"
"D31.5_76"	"alpha"
"D31.5_77"	"mesenchymal"
"D31.5_78"	"mesenchymal"
"D31.5_79"	"acinar"
"D31.5_80"	"beta"
"D31.5_81"	"duct"
"D31.5_82"	"mesenchymal"
"D31.5_83"	"mesenchymal"
"D31.5_84"	"delta"
"D31.5_85"	"beta"
"D31.5_86"	"alpha"
"D31.5_87"	"alpha"
"D31.5_88"	"alpha"
"D31.5_89"	"acinar"
"D31.5_90"	"alpha"
"D31.5_91"	"duct"
"D31.5_92"	"acinar"
"D31.5_93"	"alpha"
"D31.5_94"	"beta"
"D31.6_1"	"mesenchymal"
"D31.6_2"	"alpha"
"D31.6_4"	"duct"
"D31.6_5"	"pp"
"D31.6_6"	"endothelial"
"D31.6_7"	"beta"
"D31.6_9"	"acinar"
"D31.6_10"	"alpha"
"D31.6_11"	"acinar"
"D31.6_12"	"delta"
"D31.6_13"	"acinar"
"D31.6_15"	"beta"
"D31.6_16"	"beta"
"D31.6_18"	"alpha"
"D31.6_19"	"beta"
"D31.6_20"	"beta"
"D31.6_21"	"acinar"
"D31.6_22"	"beta"
"D31.6_23"	"duct"
"D31.6_24"	"acinar"
"D31.6_25"	"epsilon"
"D31.6_27"	"duct"
"D31.6_28"	"duct"
"D31.6_29"	"acinar"
"D31.6_30"	"alpha"
"D31.6_31"	"beta"
"D31.6_32"	"pp"
"D31.6_33"	"acinar"
"D31.6_34"	"duct"
"D31.6_35"	"alpha"
"D31.6_36"	"alpha"
"D31.6_37"	"duct"
"D31.6_38"	"delta"
"D31.6_39"	"acinar"
"D31.6_40"	"acinar"
"D31.6_41"	"duct"
"D31.6_42"	"beta"
"D31.6_43"	"acinar"
"D31.6_44"	"duct"
"D31.6_45"	"alpha"
"D31.6_46"	"delta"
"D31.6_47"	"beta"
"D31.6_48"	"alpha"
"D31.6_49"	"beta"
"D31.6_50"	"duct"
"D31.6_51"	"duct"
"D31.6_52"	"acinar"
"D31.6_53"	"acinar"
"D31.6_54"	"alpha"
"D31.6_55"	"alpha"
"D31.6_56"	"alpha"
"D31.6_57"	"duct"
"D31.6_58"	"beta"
"D31.6_59"	"alpha"
"D31.6_60"	"beta"
"D31.6_61"	"acinar"
"D31.6_62"	"acinar"
"D31.6_63"	"alpha"
"D31.6_64"	"alpha"
"D31.6_65"	"beta"
"D31.6_66"	"acinar"
"D31.6_67"	"beta"
"D31.6_68"	"duct"
"D31.6_69"	"acinar"
"D31.6_70"	"endothelial"
"D31.6_71"	"beta"
"D31.6_72"	"duct"
"D31.6_73"	"endothelial"
"D31.6_74"	"alpha"
"D31.6_75"	"acinar"
"D31.6_76"	"beta"
"D31.6_77"	"alpha"
"D31.6_79"	"duct"
"D31.6_80"	"beta"
"D31.6_81"	"acinar"
"D31.6_82"	"duct"
"D31.6_83"	"alpha"
"D31.6_84"	"mesenchymal"
"D31.6_85"	"beta"
"D31.6_86"	"acinar"
"D31.6_87"	"beta"
"D31.6_88"	"alpha"
"D31.6_89"	"alpha"
"D31.6_90"	"alpha"
"D31.6_91"	"alpha"
"D31.6_92"	"beta"
"D31.6_93"	"duct"
"D31.6_94"	"alpha"
"D31.7_1"	"beta"
"D31.7_2"	"alpha"
"D31.7_3"	"beta"
"D31.7_4"	"endothelial"
"D31.7_6"	"alpha"
"D31.7_8"	"alpha"
"D31.7_9"	"acinar"
"D31.7_10"	"beta"
"D31.7_11"	"acinar"
"D31.7_14"	"alpha"
"D31.7_15"	"pp"
"D31.7_16"	"duct"
"D31.7_17"	"alpha"
"D31.7_18"	"duct"
"D31.7_19"	"alpha"
"D31.7_20"	"beta"
"D31.7_21"	"acinar"
"D31.7_22"	"beta"
"D31.7_23"	"duct"
"D31.7_25"	"alpha"
"D31.7_26"	"duct"
"D31.7_28"	"alpha"
"D31.7_29"	"duct"
"D31.7_30"	"alpha"
"D31.7_32"	"endothelial"
"D31.7_33"	"alpha"
"D31.7_34"	"beta"
"D31.7_35"	"alpha"
"D31.7_36"	"alpha"
"D31.7_37"	"alpha"
"D31.7_38"	"acinar"
"D31.7_39"	"beta"
"D31.7_40"	"beta"
"D31.7_41"	"alpha"
"D31.7_42"	"unclear"
"D31.7_43"	"duct"
"D31.7_44"	"alpha"
"D31.7_45"	"beta"
"D31.7_46"	"beta"
"D31.7_47"	"beta"
"D31.7_48"	"mesenchymal"
"D31.7_49"	"alpha"
"D31.7_50"	"alpha"
"D31.7_51"	"alpha"
"D31.7_53"	"beta"
"D31.7_54"	"alpha"
"D31.7_55"	"beta"
"D31.7_56"	"duct"
"D31.7_57"	"duct"
"D31.7_58"	"beta"
"D31.7_59"	"beta"
"D31.7_60"	"beta"
"D31.7_61"	"alpha"
"D31.7_62"	"alpha"
"D31.7_63"	"acinar"
"D31.7_64"	"alpha"
"D31.7_65"	"alpha"
"D31.7_66"	"delta"
"D31.7_67"	"beta"
"D31.7_68"	"alpha"
"D31.7_69"	"beta"
"D31.7_70"	"acinar"
"D31.7_71"	"alpha"
"D31.7_72"	"beta"
"D31.7_73"	"duct"
"D31.7_74"	"beta"
"D31.7_75"	"alpha"
"D31.7_76"	"beta"
"D31.7_77"	"acinar"
"D31.7_79"	"beta"
"D31.7_80"	"alpha"
"D31.7_81"	"delta"
"D31.7_84"	"beta"
"D31.7_85"	"beta"
"D31.7_87"	"beta"
"D31.7_89"	"duct"
"D31.7_91"	"beta"
"D31.7_92"	"pp"
"D31.7_93"	"alpha"
"D31.7_94"	"beta"
"D31.8_1"	"delta"
"D31.8_2"	"alpha"
"D31.8_3"	"beta"
"D31.8_4"	"acinar"
"D31.8_5"	"alpha"
"D31.8_6"	"alpha"
"D31.8_7"	"acinar"
"D31.8_8"	"beta"
"D31.8_9"	"alpha"
"D31.8_10"	"pp"
"D31.8_11"	"acinar"
"D31.8_12"	"alpha"
"D31.8_13"	"beta"
"D31.8_14"	"alpha"
"D31.8_15"	"pp"
"D31.8_17"	"delta"
"D31.8_18"	"mesenchymal"
"D31.8_19"	"duct"
"D31.8_20"	"duct"
"D31.8_21"	"beta"
"D31.8_23"	"duct"
"D31.8_24"	"alpha"
"D31.8_25"	"beta"
"D31.8_26"	"pp"
"D31.8_27"	"acinar"
"D31.8_28"	"delta"
"D31.8_29"	"beta"
"D31.8_30"	"duct"
"D31.8_31"	"beta"
"D31.8_33"	"alpha"
"D31.8_34"	"delta"
"D31.8_36"	"pp"
"D31.8_37"	"duct"
"D31.8_38"	"alpha"
"D31.8_39"	"endothelial"
"D31.8_40"	"acinar"
"D31.8_41"	"beta"
"D31.8_42"	"delta"
"D31.8_43"	"beta"
"D31.8_44"	"alpha"
"D31.8_45"	"duct"
"D31.8_46"	"alpha"
"D31.8_47"	"endothelial"
"D31.8_48"	"beta"
"D31.8_49"	"beta"
"D31.8_50"	"beta"
"D31.8_52"	"alpha"
"D31.8_53"	"acinar"
"D31.8_56"	"mesenchymal"
"D31.8_57"	"alpha"
"D31.8_58"	"duct"
"D31.8_60"	"beta"
"D31.8_61"	"alpha"
"D31.8_62"	"alpha"
"D31.8_63"	"acinar"
"D31.8_64"	"beta"
"D31.8_65"	"alpha"
"D31.8_66"	"delta"
"D31.8_67"	"pp"
"D31.8_69"	"delta"
"D31.8_70"	"pp"
"D31.8_71"	"delta"
"D31.8_73"	"beta"
"D31.8_74"	"beta"
"D31.8_75"	"duct"
"D31.8_76"	"delta"
"D31.8_77"	"duct"
"D31.8_78"	"beta"
"D31.8_80"	"duct"
"D31.8_81"	"acinar"
"D31.8_82"	"alpha"
"D31.8_83"	"beta"
"D31.8_84"	"beta"
"D31.8_85"	"duct"
"D31.8_86"	"alpha"
"D31.8_87"	"pp"
"D31.8_88"	"beta"
"D31.8_89"	"acinar"
"D31.8_90"	"duct"
"D31.8_91"	"acinar"
"D31.8_92"	"mesenchymal"
"D31.8_93"	"alpha"
"D31.8_94"	"duct"
"D30.1_1"	"acinar"
"D30.1_4"	"alpha"
"D30.1_5"	"delta"
"D30.1_6"	"delta"
"D30.1_7"	"alpha"
"D30.1_9"	"alpha"
"D30.1_10"	"alpha"
"D30.1_13"	"duct"
"D30.1_14"	"beta"
"D30.1_15"	"alpha"
"D30.1_16"	"alpha"
"D30.1_17"	"alpha"
"D30.1_19"	"acinar"
"D30.1_20"	"delta"
"D30.1_21"	"alpha"
"D30.1_22"	"acinar"
"D30.1_23"	"alpha"
"D30.1_24"	"alpha"
"D30.1_25"	"mesenchymal"
"D30.1_26"	"beta"
"D30.1_27"	"alpha"
"D30.1_28"	"alpha"
"D30.1_29"	"acinar"
"D30.1_30"	"acinar"
"D30.1_31"	"duct"
"D30.1_33"	"beta"
"D30.1_35"	"alpha"
"D30.1_36"	"duct"
"D30.1_37"	"alpha"
"D30.1_38"	"alpha"
"D30.1_39"	"beta"
"D30.1_40"	"alpha"
"D30.1_41"	"alpha"
"D30.1_42"	"duct"
"D30.1_43"	"duct"
"D30.1_44"	"endothelial"
"D30.1_45"	"beta"
"D30.1_46"	"duct"
"D30.1_47"	"alpha"
"D30.1_49"	"alpha"
"D30.1_51"	"beta"
"D30.1_52"	"alpha"
"D30.1_53"	"beta"
"D30.1_54"	"alpha"
"D30.1_55"	"acinar"
"D30.1_56"	"alpha"
"D30.1_57"	"beta"
"D30.1_58"	"alpha"
"D30.1_59"	"alpha"
"D30.1_60"	"alpha"
"D30.1_61"	"acinar"
"D30.1_63"	"acinar"
"D30.1_64"	"alpha"
"D30.1_65"	"beta"
"D30.1_66"	"alpha"
"D30.1_67"	"beta"
"D30.1_69"	"delta"
"D30.1_70"	"mesenchymal"
"D30.1_71"	"alpha"
"D30.1_72"	"acinar"
"D30.1_73"	"alpha"
"D30.1_74"	"beta"
"D30.1_75"	"alpha"
"D30.1_77"	"endothelial"
"D30.1_78"	"duct"
"D30.1_79"	"mesenchymal"
"D30.1_81"	"alpha"
"D30.1_82"	"alpha"
"D30.1_83"	"delta"
"D30.1_84"	"alpha"
"D30.1_85"	"beta"
"D30.1_86"	"alpha"
"D30.1_87"	"alpha"
"D30.1_88"	"duct"
"D30.1_89"	"beta"
"D30.1_90"	"alpha"
"D30.1_91"	"acinar"
"D30.1_93"	"beta"
"D30.1_94"	"beta"
"D30.2_1"	"acinar"
"D30.2_2"	"alpha"
"D30.2_3"	"delta"
"D30.2_4"	"duct"
"D30.2_5"	"alpha"
"D30.2_6"	"mesenchymal"
"D30.2_7"	"beta"
"D30.2_8"	"pp"
"D30.2_9"	"duct"
"D30.2_10"	"alpha"
"D30.2_11"	"acinar"
"D30.2_12"	"alpha"
"D30.2_13"	"alpha"
"D30.2_14"	"alpha"
"D30.2_15"	"alpha"
"D30.2_16"	"alpha"
"D30.2_17"	"acinar"
"D30.2_18"	"alpha"
"D30.2_19"	"alpha"
"D30.2_20"	"delta"
"D30.2_21"	"alpha"
"D30.2_22"	"delta"
"D30.2_23"	"alpha"
"D30.2_24"	"alpha"
"D30.2_25"	"alpha"
"D30.2_26"	"delta"
"D30.2_27"	"acinar"
"D30.2_28"	"alpha"
"D30.2_29"	"mesenchymal"
"D30.2_30"	"beta"
"D30.2_31"	"beta"
"D30.2_32"	"beta"
"D30.2_33"	"beta"
"D30.2_34"	"alpha"
"D30.2_35"	"duct"
"D30.2_37"	"alpha"
"D30.2_38"	"duct"
"D30.2_39"	"delta"
"D30.2_40"	"alpha"
"D30.2_41"	"acinar"
"D30.2_42"	"acinar"
"D30.2_43"	"acinar"
"D30.2_44"	"beta"
"D30.2_45"	"acinar"
"D30.2_46"	"beta"
"D30.2_47"	"alpha"
"D30.2_48"	"beta"
"D30.2_49"	"delta"
"D30.2_50"	"duct"
"D30.2_51"	"acinar"
"D30.2_52"	"delta"
"D30.2_53"	"acinar"
"D30.2_54"	"delta"
"D30.2_55"	"beta"
"D30.2_56"	"acinar"
"D30.2_57"	"beta"
"D30.2_58"	"duct"
"D30.2_59"	"mesenchymal"
"D30.2_60"	"acinar"
"D30.2_61"	"beta"
"D30.2_62"	"alpha"
"D30.2_65"	"alpha"
"D30.2_67"	"alpha"
"D30.2_68"	"alpha"
"D30.2_70"	"alpha"
"D30.2_71"	"beta"
"D30.2_72"	"alpha"
"D30.2_73"	"alpha"
"D30.2_74"	"delta"
"D30.2_75"	"alpha"
"D30.2_76"	"acinar"
"D30.2_77"	"mesenchymal"
"D30.2_78"	"alpha"
"D30.2_79"	"duct"
"D30.2_80"	"alpha"
"D30.2_81"	"alpha"
"D30.2_82"	"delta"
"D30.2_83"	"alpha"
"D30.2_84"	"duct"
"D30.2_85"	"alpha"
"D30.2_86"	"alpha"
"D30.2_87"	"beta"
"D30.2_88"	"alpha"
"D30.2_89"	"delta"
"D30.2_90"	"beta"
"D30.2_91"	"alpha"
"D30.2_92"	"mesenchymal"
"D30.2_93"	"mesenchymal"
"D30.2_94"	"alpha"
"D30.3_1"	"alpha"
"D30.3_2"	"acinar"
"D30.3_3"	"beta"
"D30.3_4"	"alpha"
"D30.3_5"	"alpha"
"D30.3_6"	"mesenchymal"
"D30.3_7"	"mesenchymal"
"D30.3_8"	"duct"
"D30.3_9"	"beta"
"D30.3_10"	"beta"
"D30.3_11"	"alpha"
"D30.3_12"	"alpha"
"D30.3_13"	"beta"
"D30.3_14"	"beta"
"D30.3_15"	"pp"
"D30.3_16"	"alpha"
"D30.3_17"	"duct"
"D30.3_18"	"delta"
"D30.3_19"	"alpha"
"D30.3_20"	"alpha"
"D30.3_21"	"pp"
"D30.3_22"	"delta"
"D30.3_23"	"delta"
"D30.3_24"	"alpha"
"D30.3_25"	"alpha"
"D30.3_26"	"alpha"
"D30.3_27"	"alpha"
"D30.3_28"	"alpha"
"D30.3_29"	"alpha"
"D30.3_30"	"alpha"
"D30.3_31"	"alpha"
"D30.3_32"	"duct"
"D30.3_33"	"alpha"
"D30.3_34"	"alpha"
"D30.3_35"	"alpha"
"D30.3_36"	"beta"
"D30.3_37"	"alpha"
"D30.3_38"	"beta"
"D30.3_39"	"mesenchymal"
"D30.3_40"	"alpha"
"D30.3_41"	"alpha"
"D30.3_42"	"alpha"
"D30.3_43"	"delta"
"D30.3_44"	"alpha"
"D30.3_45"	"acinar"
"D30.3_46"	"alpha"
"D30.3_47"	"alpha"
"D30.3_48"	"alpha"
"D30.3_49"	"duct"
"D30.3_50"	"alpha"
"D30.3_51"	"beta"
"D30.3_52"	"beta"
"D30.3_53"	"beta"
"D30.3_54"	"beta"
"D30.3_55"	"beta"
"D30.3_56"	"alpha"
"D30.3_57"	"alpha"
"D30.3_58"	"beta"
"D30.3_59"	"mesenchymal"
"D30.3_60"	"alpha"
"D30.3_61"	"mesenchymal"
"D30.3_62"	"delta"
"D30.3_63"	"acinar"
"D30.3_64"	"alpha"
"D30.3_65"	"alpha"
"D30.3_67"	"beta"
"D30.3_68"	"alpha"
"D30.3_69"	"delta"
"D30.3_70"	"alpha"
"D30.3_71"	"beta"
"D30.3_72"	"mesenchymal"
"D30.3_73"	"alpha"
"D30.3_74"	"alpha"
"D30.3_75"	"delta"
"D30.3_76"	"delta"
"D30.3_77"	"beta"
"D30.3_78"	"beta"
"D30.3_79"	"alpha"
"D30.3_80"	"alpha"
"D30.3_81"	"beta"
"D30.3_82"	"delta"
"D30.3_84"	"duct"
"D30.3_86"	"alpha"
"D30.3_87"	"delta"
"D30.3_88"	"alpha"
"D30.3_89"	"beta"
"D30.3_90"	"duct"
"D30.3_91"	"acinar"
"D30.3_92"	"alpha"
"D30.3_93"	"alpha"
"D30.3_94"	"endothelial"
"D30.4_1"	"beta"
"D30.4_2"	"beta"
"D30.4_3"	"alpha"
"D30.4_5"	"delta"
"D30.4_6"	"alpha"
"D30.4_7"	"duct"
"D30.4_8"	"beta"
"D30.4_9"	"beta"
"D30.4_10"	"mesenchymal"
"D30.4_11"	"alpha"
"D30.4_12"	"alpha"
"D30.4_13"	"duct"
"D30.4_14"	"delta"
"D30.4_15"	"beta"
"D30.4_16"	"alpha"
"D30.4_17"	"delta"
"D30.4_18"	"acinar"
"D30.4_19"	"alpha"
"D30.4_20"	"alpha"
"D30.4_21"	"alpha"
"D30.4_22"	"delta"
"D30.4_23"	"alpha"
"D30.4_24"	"alpha"
"D30.4_25"	"alpha"
"D30.4_26"	"delta"
"D30.4_27"	"duct"
"D30.4_28"	"delta"
"D30.4_29"	"alpha"
"D30.4_30"	"mesenchymal"
"D30.4_31"	"duct"
"D30.4_32"	"alpha"
"D30.4_33"	"beta"
"D30.4_34"	"beta"
"D30.4_35"	"mesenchymal"
"D30.4_36"	"alpha"
"D30.4_37"	"alpha"
"D30.4_38"	"duct"
"D30.4_39"	"alpha"
"D30.4_40"	"alpha"
"D30.4_41"	"alpha"
"D30.4_42"	"duct"
"D30.4_43"	"alpha"
"D30.4_44"	"duct"
"D30.4_46"	"alpha"
"D30.4_47"	"alpha"
"D30.4_48"	"beta"
"D30.4_49"	"alpha"
"D30.4_50"	"alpha"
"D30.4_51"	"alpha"
"D30.4_52"	"alpha"
"D30.4_53"	"duct"
"D30.4_54"	"alpha"
"D30.4_55"	"mesenchymal"
"D30.4_58"	"unclear"
"D30.4_59"	"delta"
"D30.4_60"	"alpha"
"D30.4_61"	"alpha"
"D30.4_62"	"acinar"
"D30.4_63"	"alpha"
"D30.4_64"	"mesenchymal"
"D30.4_65"	"duct"
"D30.4_66"	"alpha"
"D30.4_67"	"beta"
"D30.4_68"	"alpha"
"D30.4_69"	"alpha"
"D30.4_71"	"beta"
"D30.4_73"	"alpha"
"D30.4_74"	"alpha"
"D30.4_75"	"alpha"
"D30.4_76"	"beta"
"D30.4_77"	"alpha"
"D30.4_78"	"mesenchymal"
"D30.4_79"	"beta"
"D30.4_80"	"delta"
"D30.4_81"	"acinar"
"D30.4_82"	"acinar"
"D30.4_83"	"beta"
"D30.4_85"	"alpha"
"D30.4_86"	"alpha"
"D30.4_87"	"alpha"
"D30.4_88"	"alpha"
"D30.4_90"	"beta"
"D30.4_91"	"duct"
"D30.4_92"	"duct"
"D30.4_93"	"duct"
"D30.4_94"	"alpha"
"D30.5_3"	"mesenchymal"
"D30.5_4"	"mesenchymal"
"D30.5_5"	"duct"
"D30.5_7"	"beta"
"D30.5_8"	"alpha"
"D30.5_9"	"duct"
"D30.5_10"	"alpha"
"D30.5_11"	"delta"
"D30.5_12"	"delta"
"D30.5_13"	"alpha"
"D30.5_14"	"alpha"
"D30.5_15"	"mesenchymal"
"D30.5_17"	"delta"
"D30.5_18"	"delta"
"D30.5_20"	"alpha"
"D30.5_21"	"beta"
"D30.5_22"	"delta"
"D30.5_23"	"alpha"
"D30.5_24"	"alpha"
"D30.5_26"	"alpha"
"D30.5_27"	"alpha"
"D30.5_28"	"alpha"
"D30.5_29"	"mesenchymal"
"D30.5_31"	"duct"
"D30.5_32"	"beta"
"D30.5_33"	"alpha"
"D30.5_34"	"duct"
"D30.5_35"	"delta"
"D30.5_36"	"acinar"
"D30.5_37"	"alpha"
"D30.5_38"	"duct"
"D30.5_39"	"alpha"
"D30.5_40"	"beta"
"D30.5_41"	"duct"
"D30.5_42"	"duct"
"D30.5_43"	"alpha"
"D30.5_44"	"duct"
"D30.5_45"	"acinar"
"D30.5_46"	"duct"
"D30.5_48"	"alpha"
"D30.5_49"	"beta"
"D30.5_50"	"duct"
"D30.5_51"	"alpha"
"D30.5_53"	"alpha"
"D30.5_54"	"alpha"
"D30.5_55"	"alpha"
"D30.5_56"	"beta"
"D30.5_57"	"beta"
"D30.5_58"	"duct"
"D30.5_59"	"mesenchymal"
"D30.5_61"	"duct"
"D30.5_62"	"alpha"
"D30.5_63"	"alpha"
"D30.5_64"	"duct"
"D30.5_65"	"alpha"
"D30.5_66"	"alpha"
"D30.5_67"	"alpha"
"D30.5_69"	"beta"
"D30.5_70"	"alpha"
"D30.5_71"	"alpha"
"D30.5_72"	"mesenchymal"
"D30.5_73"	"alpha"
"D30.5_74"	"pp"
"D30.5_75"	"alpha"
"D30.5_76"	"delta"
"D30.5_78"	"duct"
"D30.5_79"	"acinar"
"D30.5_80"	"mesenchymal"
"D30.5_81"	"duct"
"D30.5_82"	"delta"
"D30.5_83"	"alpha"
"D30.5_84"	"alpha"
"D30.5_85"	"delta"
"D30.5_88"	"alpha"
"D30.5_89"	"acinar"
"D30.5_90"	"mesenchymal"
"D30.5_91"	"delta"
"D30.5_92"	"alpha"
"D30.5_93"	"alpha"
"D30.5_94"	"alpha"
"D30.6_1"	"alpha"
"D30.6_2"	"alpha"
"D30.6_3"	"mesenchymal"
"D30.6_4"	"alpha"
"D30.6_5"	"acinar"
"D30.6_6"	"delta"
"D30.6_7"	"alpha"
"D30.6_9"	"alpha"
"D30.6_10"	"mesenchymal"
"D30.6_11"	"beta"
"D30.6_12"	"duct"
"D30.6_13"	"delta"
"D30.6_14"	"beta"
"D30.6_15"	"beta"
"D30.6_16"	"alpha"
"D30.6_17"	"mesenchymal"
"D30.6_18"	"beta"
"D30.6_19"	"alpha"
"D30.6_20"	"duct"
"D30.6_21"	"beta"
"D30.6_22"	"alpha"
"D30.6_23"	"mesenchymal"
"D30.6_24"	"alpha"
"D30.6_25"	"duct"
"D30.6_26"	"alpha"
"D30.6_27"	"mesenchymal"
"D30.6_28"	"mesenchymal"
"D30.6_30"	"alpha"
"D30.6_31"	"alpha"
"D30.6_32"	"alpha"
"D30.6_33"	"alpha"
"D30.6_34"	"duct"
"D30.6_35"	"delta"
"D30.6_36"	"alpha"
"D30.6_37"	"acinar"
"D30.6_38"	"beta"
"D30.6_39"	"alpha"
"D30.6_40"	"acinar"
"D30.6_41"	"alpha"
"D30.6_42"	"alpha"
"D30.6_44"	"acinar"
"D30.6_45"	"alpha"
"D30.6_46"	"alpha"
"D30.6_47"	"beta"
"D30.6_48"	"duct"
"D30.6_49"	"delta"
"D30.6_50"	"alpha"
"D30.6_51"	"alpha"
"D30.6_52"	"duct"
"D30.6_53"	"delta"
"D30.6_54"	"beta"
"D30.6_55"	"alpha"
"D30.6_56"	"beta"
"D30.6_57"	"duct"
"D30.6_58"	"delta"
"D30.6_59"	"beta"
"D30.6_60"	"beta"
"D30.6_61"	"duct"
"D30.6_62"	"alpha"
"D30.6_63"	"alpha"
"D30.6_64"	"duct"
"D30.6_65"	"alpha"
"D30.6_66"	"alpha"
"D30.6_67"	"alpha"
"D30.6_68"	"beta"
"D30.6_69"	"duct"
"D30.6_70"	"alpha"
"D30.6_71"	"alpha"
"D30.6_72"	"alpha"
"D30.6_74"	"alpha"
"D30.6_75"	"alpha"
"D30.6_76"	"beta"
"D30.6_77"	"duct"
"D30.6_78"	"duct"
"D30.6_79"	"beta"
"D30.6_80"	"acinar"
"D30.6_81"	"alpha"
"D30.6_82"	"alpha"
"D30.6_83"	"beta"
"D30.6_84"	"mesenchymal"
"D30.6_85"	"alpha"
"D30.6_86"	"duct"
"D30.6_87"	"alpha"
"D30.6_88"	"alpha"
"D30.6_89"	"alpha"
"D30.6_90"	"pp"
"D30.6_91"	"alpha"
"D30.6_92"	"delta"
"D30.6_93"	"mesenchymal"
"D30.6_94"	"beta"
"D30.7_1"	"acinar"
"D30.7_2"	"alpha"
"D30.7_3"	"beta"
"D30.7_4"	"beta"
"D30.7_5"	"alpha"
"D30.7_6"	"alpha"
"D30.7_7"	"delta"
"D30.7_8"	"alpha"
"D30.7_9"	"alpha"
"D30.7_10"	"alpha"
"D30.7_11"	"acinar"
"D30.7_12"	"alpha"
"D30.7_13"	"delta"
"D30.7_14"	"alpha"
"D30.7_15"	"duct"
"D30.7_16"	"alpha"
"D30.7_17"	"duct"
"D30.7_18"	"alpha"
"D30.7_20"	"acinar"
"D30.7_21"	"beta"
"D30.7_22"	"beta"
"D30.7_23"	"delta"
"D30.7_24"	"acinar"
"D30.7_25"	"alpha"
"D30.7_26"	"alpha"
"D30.7_28"	"acinar"
"D30.7_29"	"delta"
"D30.7_30"	"mesenchymal"
"D30.7_31"	"delta"
"D30.7_32"	"delta"
"D30.7_33"	"mesenchymal"
"D30.7_35"	"duct"
"D30.7_36"	"alpha"
"D30.7_38"	"mesenchymal"
"D30.7_39"	"acinar"
"D30.7_40"	"alpha"
"D30.7_41"	"alpha"
"D30.7_42"	"alpha"
"D30.7_43"	"alpha"
"D30.7_44"	"beta"
"D30.7_45"	"alpha"
"D30.7_46"	"duct"
"D30.7_47"	"alpha"
"D30.7_48"	"beta"
"D30.7_49"	"alpha"
"D30.7_51"	"duct"
"D30.7_52"	"alpha"
"D30.7_53"	"delta"
"D30.7_54"	"beta"
"D30.7_55"	"delta"
"D30.7_56"	"beta"
"D30.7_57"	"alpha"
"D30.7_60"	"alpha"
"D30.7_61"	"alpha"
"D30.7_62"	"beta"
"D30.7_63"	"beta"
"D30.7_64"	"alpha"
"D30.7_65"	"alpha"
"D30.7_66"	"alpha"
"D30.7_67"	"alpha"
"D30.7_68"	"alpha"
"D30.7_70"	"beta"
"D30.7_71"	"alpha"
"D30.7_72"	"mesenchymal"
"D30.7_73"	"alpha"
"D30.7_74"	"duct"
"D30.7_75"	"alpha"
"D30.7_76"	"beta"
"D30.7_77"	"alpha"
"D30.7_78"	"alpha"
"D30.7_79"	"beta"
"D30.7_80"	"beta"
"D30.7_81"	"mesenchymal"
"D30.7_82"	"beta"
"D30.7_83"	"duct"
"D30.7_84"	"duct"
"D30.7_85"	"duct"
"D30.7_86"	"mesenchymal"
"D30.7_87"	"alpha"
"D30.7_88"	"duct"
"D30.7_89"	"delta"
"D30.7_90"	"endothelial"
"D30.7_91"	"acinar"
"D30.7_92"	"alpha"
"D30.7_93"	"alpha"
"D30.7_94"	"beta"
"D30.8_1"	"alpha"
"D30.8_2"	"alpha"
"D30.8_3"	"delta"
"D30.8_4"	"duct"
"D30.8_5"	"alpha"
"D30.8_6"	"beta"
"D30.8_7"	"alpha"
"D30.8_8"	"duct"
"D30.8_9"	"delta"
"D30.8_10"	"alpha"
"D30.8_11"	"alpha"
"D30.8_12"	"beta"
"D30.8_13"	"alpha"
"D30.8_14"	"beta"
"D30.8_15"	"mesenchymal"
"D30.8_16"	"beta"
"D30.8_17"	"beta"
"D30.8_18"	"mesenchymal"
"D30.8_19"	"alpha"
"D30.8_20"	"alpha"
"D30.8_21"	"duct"
"D30.8_22"	"beta"
"D30.8_23"	"alpha"
"D30.8_25"	"mesenchymal"
"D30.8_26"	"alpha"
"D30.8_27"	"beta"
"D30.8_28"	"alpha"
"D30.8_29"	"duct"
"D30.8_31"	"alpha"
"D30.8_32"	"delta"
"D30.8_33"	"acinar"
"D30.8_34"	"endothelial"
"D30.8_35"	"beta"
"D30.8_36"	"acinar"
"D30.8_37"	"acinar"
"D30.8_38"	"duct"
"D30.8_39"	"alpha"
"D30.8_40"	"delta"
"D30.8_43"	"alpha"
"D30.8_44"	"alpha"
"D30.8_45"	"beta"
"D30.8_46"	"beta"
"D30.8_47"	"alpha"
"D30.8_48"	"alpha"
"D30.8_49"	"beta"
"D30.8_50"	"mesenchymal"
"D30.8_51"	"beta"
"D30.8_52"	"alpha"
"D30.8_53"	"alpha"
"D30.8_54"	"alpha"
"D30.8_55"	"delta"
"D30.8_57"	"mesenchymal"
"D30.8_59"	"beta"
"D30.8_60"	"mesenchymal"
"D30.8_62"	"beta"
"D30.8_63"	"acinar"
"D30.8_64"	"alpha"
"D30.8_65"	"acinar"
"D30.8_66"	"delta"
"D30.8_67"	"alpha"
"D30.8_68"	"beta"
"D30.8_69"	"acinar"
"D30.8_70"	"alpha"
"D30.8_71"	"alpha"
"D30.8_73"	"beta"
"D30.8_74"	"beta"
"D30.8_75"	"alpha"
"D30.8_76"	"alpha"
"D30.8_77"	"alpha"
"D30.8_78"	"alpha"
"D30.8_79"	"alpha"
"D30.8_80"	"beta"
"D30.8_81"	"acinar"
"D30.8_82"	"duct"
"D30.8_83"	"alpha"
"D30.8_84"	"acinar"
"D30.8_85"	"beta"
"D30.8_86"	"delta"
"D30.8_87"	"endothelial"
"D30.8_88"	"delta"
"D30.8_89"	"alpha"
"D30.8_90"	"alpha"
"D30.8_91"	"mesenchymal"
"D30.8_92"	"alpha"
"D30.8_93"	"duct"
"D30.8_94"	"mesenchymal"
