"","cellnames","grouping","stage"
"E3.1.443","E3.1.443","embryonic day 3","embryonic day 3"
"E3.1.444","E3.1.444","embryonic day 3","embryonic day 3"
"E3.1.445","E3.1.445","embryonic day 3","embryonic day 3"
"E3.1.447","E3.1.447","embryonic day 3","embryonic day 3"
"E3.1.448","E3.1.448","embryonic day 3","embryonic day 3"
"E3.2.449","E3.2.449","embryonic day 3","embryonic day 3"
"E3.2.450","E3.2.450","embryonic day 3","embryonic day 3"
"E3.2.452","E3.2.452","embryonic day 3","embryonic day 3"
"E3.2.453","E3.2.453","embryonic day 3","embryonic day 3"
"E3.2.454","E3.2.454","embryonic day 3","embryonic day 3"
"E3.2.455","E3.2.455","embryonic day 3","embryonic day 3"
"E3.2.467","E3.2.467","embryonic day 3","embryonic day 3"
"E3.3.456","E3.3.456","embryonic day 3","embryonic day 3"
"E3.3.457","E3.3.457","embryonic day 3","embryonic day 3"
"E3.3.458","E3.3.458","embryonic day 3","embryonic day 3"
"E3.3.459","E3.3.459","embryonic day 3","embryonic day 3"
"E3.3.460","E3.3.460","embryonic day 3","embryonic day 3"
"E3.4.462","E3.4.462","embryonic day 3","embryonic day 3"
"E3.4.463","E3.4.463","embryonic day 3","embryonic day 3"
"E3.4.465","E3.4.465","embryonic day 3","embryonic day 3"
"E3.45.3374","E3.45.3374","embryonic day 3","embryonic day 3"
"E3.45.3375","E3.45.3375","embryonic day 3","embryonic day 3"
"E3.45.3376","E3.45.3376","embryonic day 3","embryonic day 3"
"E3.45.3377","E3.45.3377","embryonic day 3","embryonic day 3"
"E3.45.3378","E3.45.3378","embryonic day 3","embryonic day 3"
"E3.45.3379","E3.45.3379","embryonic day 3","embryonic day 3"
"E3.45.3380","E3.45.3380","embryonic day 3","embryonic day 3"
"E3.45.3381","E3.45.3381","embryonic day 3","embryonic day 3"
"E3.46.3382","E3.46.3382","embryonic day 3","embryonic day 3"
"E3.46.3383","E3.46.3383","embryonic day 3","embryonic day 3"
"E3.46.3385","E3.46.3385","embryonic day 3","embryonic day 3"
"E3.46.3386","E3.46.3386","embryonic day 3","embryonic day 3"
"E3.46.3387","E3.46.3387","embryonic day 3","embryonic day 3"
"E3.46.3388","E3.46.3388","embryonic day 3","embryonic day 3"
"E3.47.3389","E3.47.3389","embryonic day 3","embryonic day 3"
"E3.47.3390","E3.47.3390","embryonic day 3","embryonic day 3"
"E3.47.3391","E3.47.3391","embryonic day 3","embryonic day 3"
"E3.47.3392","E3.47.3392","embryonic day 3","embryonic day 3"
"E3.47.3393","E3.47.3393","embryonic day 3","embryonic day 3"
"E3.47.3394","E3.47.3394","embryonic day 3","embryonic day 3"
"E3.48.3396","E3.48.3396","embryonic day 3","embryonic day 3"
"E3.48.3397","E3.48.3397","embryonic day 3","embryonic day 3"
"E3.48.3398","E3.48.3398","embryonic day 3","embryonic day 3"
"E3.48.3399","E3.48.3399","embryonic day 3","embryonic day 3"
"E3.48.3400","E3.48.3400","embryonic day 3","embryonic day 3"
"E3.48.3401","E3.48.3401","embryonic day 3","embryonic day 3"
"E3.48.3402","E3.48.3402","embryonic day 3","embryonic day 3"
"E3.49.3403","E3.49.3403","embryonic day 3","embryonic day 3"
"E3.49.3405","E3.49.3405","embryonic day 3","embryonic day 3"
"E3.49.3406","E3.49.3406","embryonic day 3","embryonic day 3"
"E3.49.3407","E3.49.3407","embryonic day 3","embryonic day 3"
"E3.49.3408","E3.49.3408","embryonic day 3","embryonic day 3"
"E3.49.3409","E3.49.3409","embryonic day 3","embryonic day 3"
"E3.49.3410","E3.49.3410","embryonic day 3","embryonic day 3"
"E3.49.3411","E3.49.3411","embryonic day 3","embryonic day 3"
"E3.50.3412","E3.50.3412","embryonic day 3","embryonic day 3"
"E3.50.3413","E3.50.3413","embryonic day 3","embryonic day 3"
"E3.50.3414","E3.50.3414","embryonic day 3","embryonic day 3"
"E3.50.3415","E3.50.3415","embryonic day 3","embryonic day 3"
"E3.50.3416","E3.50.3416","embryonic day 3","embryonic day 3"
"E3.50.3417","E3.50.3417","embryonic day 3","embryonic day 3"
"E3.51.3421","E3.51.3421","embryonic day 3","embryonic day 3"
"E3.51.3422","E3.51.3422","embryonic day 3","embryonic day 3"
"E3.51.3423","E3.51.3423","embryonic day 3","embryonic day 3"
"E3.51.3426","E3.51.3426","embryonic day 3","embryonic day 3"
"E3.52.3428","E3.52.3428","embryonic day 3","embryonic day 3"
"E3.52.3429","E3.52.3429","embryonic day 3","embryonic day 3"
"E3.52.3430","E3.52.3430","embryonic day 3","embryonic day 3"
"E3.52.3431","E3.52.3431","embryonic day 3","embryonic day 3"
"E3.52.3432","E3.52.3432","embryonic day 3","embryonic day 3"
"E3.52.3433","E3.52.3433","embryonic day 3","embryonic day 3"
"E3.52.3434","E3.52.3434","embryonic day 3","embryonic day 3"
"E3.53.3436","E3.53.3436","embryonic day 3","embryonic day 3"
"E3.53.3437","E3.53.3437","embryonic day 3","embryonic day 3"
"E3.53.3438","E3.53.3438","embryonic day 3","embryonic day 3"
"E4.1.1","E4.1.1","embryonic day 4","embryonic day 4"
"E4.1.2","E4.1.2","embryonic day 4","embryonic day 4"
"E4.1.3","E4.1.3","embryonic day 4","embryonic day 4"
"E4.1.4","E4.1.4","embryonic day 4","embryonic day 4"
"E4.1.7","E4.1.7","embryonic day 4","embryonic day 4"
"E4.10.1219","E4.10.1219","embryonic day 4","embryonic day 4"
"E4.10.1221","E4.10.1221","embryonic day 4","embryonic day 4"
"E4.10.1223","E4.10.1223","embryonic day 4","embryonic day 4"
"E4.10.1225","E4.10.1225","embryonic day 4","embryonic day 4"
"E4.10.1228","E4.10.1228","embryonic day 4","embryonic day 4"
"E4.10.1229","E4.10.1229","embryonic day 4","embryonic day 4"
"E4.11.1258","E4.11.1258","embryonic day 4","embryonic day 4"
"E4.2.10","E4.2.10","embryonic day 4","embryonic day 4"
"E4.2.13","E4.2.13","embryonic day 4","embryonic day 4"
"E4.24_5_0_4.1","E4.24_5_0_4.1","embryonic day 4","embryonic day 4"
"E4.24_5_0_4.10","E4.24_5_0_4.10","embryonic day 4","embryonic day 4"
"E4.24_5_0_4.12","E4.24_5_0_4.12","embryonic day 4","embryonic day 4"
"E4.24_5_0_4.3","E4.24_5_0_4.3","embryonic day 4","embryonic day 4"
"E4.24_5_0_4.4","E4.24_5_0_4.4","embryonic day 4","embryonic day 4"
"E4.24_5_0_4.5","E4.24_5_0_4.5","embryonic day 4","embryonic day 4"
"E4.24_5_0_4.7","E4.24_5_0_4.7","embryonic day 4","embryonic day 4"
"E4.24_5_0_4.9","E4.24_5_0_4.9","embryonic day 4","embryonic day 4"
"E4.3.472","E4.3.472","embryonic day 4","embryonic day 4"
"E4.3.473","E4.3.473","embryonic day 4","embryonic day 4"
"E4.3.476","E4.3.476","embryonic day 4","embryonic day 4"
"E4.3.478","E4.3.478","embryonic day 4","embryonic day 4"
"E4.3.479","E4.3.479","embryonic day 4","embryonic day 4"
"E4.3.481","E4.3.481","embryonic day 4","embryonic day 4"
"E4.3.482","E4.3.482","embryonic day 4","embryonic day 4"
"E4.3.484","E4.3.484","embryonic day 4","embryonic day 4"
"E4.3.485","E4.3.485","embryonic day 4","embryonic day 4"
"E4.3.486","E4.3.486","embryonic day 4","embryonic day 4"
"E4.3.487","E4.3.487","embryonic day 4","embryonic day 4"
"E4.3.488","E4.3.488","embryonic day 4","embryonic day 4"
"E4.3.489","E4.3.489","embryonic day 4","embryonic day 4"
"E4.3.490","E4.3.490","embryonic day 4","embryonic day 4"
"E4.31_5_1.10","E4.31_5_1.10","embryonic day 4","embryonic day 4"
"E4.31_5_1.11","E4.31_5_1.11","embryonic day 4","embryonic day 4"
"E4.31_5_1.12","E4.31_5_1.12","embryonic day 4","embryonic day 4"
"E4.31_5_1.2","E4.31_5_1.2","embryonic day 4","embryonic day 4"
"E4.31_5_1.3","E4.31_5_1.3","embryonic day 4","embryonic day 4"
"E4.31_5_1.4","E4.31_5_1.4","embryonic day 4","embryonic day 4"
"E4.31_5_1.6","E4.31_5_1.6","embryonic day 4","embryonic day 4"
"E4.31_5_1.8","E4.31_5_1.8","embryonic day 4","embryonic day 4"
"E4.31_5_1.9","E4.31_5_1.9","embryonic day 4","embryonic day 4"
"E4.4.492","E4.4.492","embryonic day 4","embryonic day 4"
"E4.4.493","E4.4.493","embryonic day 4","embryonic day 4"
"E4.4.494","E4.4.494","embryonic day 4","embryonic day 4"
"E4.4.495","E4.4.495","embryonic day 4","embryonic day 4"
"E4.4.496","E4.4.496","embryonic day 4","embryonic day 4"
"E4.4.497","E4.4.497","embryonic day 4","embryonic day 4"
"E4.4.498","E4.4.498","embryonic day 4","embryonic day 4"
"E4.4.499","E4.4.499","embryonic day 4","embryonic day 4"
"E4.4.500","E4.4.500","embryonic day 4","embryonic day 4"
"E4.4.502","E4.4.502","embryonic day 4","embryonic day 4"
"E4.4.503","E4.4.503","embryonic day 4","embryonic day 4"
"E4.4.504","E4.4.504","embryonic day 4","embryonic day 4"
"E4.4.505","E4.4.505","embryonic day 4","embryonic day 4"
"E4.4.506","E4.4.506","embryonic day 4","embryonic day 4"
"E4.4.507","E4.4.507","embryonic day 4","embryonic day 4"
"E4.4.508","E4.4.508","embryonic day 4","embryonic day 4"
"E4.4.509","E4.4.509","embryonic day 4","embryonic day 4"
"E4.5.510","E4.5.510","embryonic day 4","embryonic day 4"
"E4.5.511","E4.5.511","embryonic day 4","embryonic day 4"
"E4.5.512","E4.5.512","embryonic day 4","embryonic day 4"
"E4.5.513","E4.5.513","embryonic day 4","embryonic day 4"
"E4.5.514","E4.5.514","embryonic day 4","embryonic day 4"
"E4.5.517","E4.5.517","embryonic day 4","embryonic day 4"
"E4.5.518","E4.5.518","embryonic day 4","embryonic day 4"
"E4.5.520","E4.5.520","embryonic day 4","embryonic day 4"
"E4.5.521","E4.5.521","embryonic day 4","embryonic day 4"
"E4.5.522","E4.5.522","embryonic day 4","embryonic day 4"
"E4.5.523","E4.5.523","embryonic day 4","embryonic day 4"
"E4.5.524","E4.5.524","embryonic day 4","embryonic day 4"
"E4.5.525","E4.5.525","embryonic day 4","embryonic day 4"
"E4.5.526","E4.5.526","embryonic day 4","embryonic day 4"
"E4.6.613","E4.6.613","embryonic day 4","embryonic day 4"
"E4.6.614","E4.6.614","embryonic day 4","embryonic day 4"
"E4.6.625","E4.6.625","embryonic day 4","embryonic day 4"
"E4.6.627","E4.6.627","embryonic day 4","embryonic day 4"
"E4.7.641","E4.7.641","embryonic day 4","embryonic day 4"
"E4.7.645","E4.7.645","embryonic day 4","embryonic day 4"
"E4.7.646","E4.7.646","embryonic day 4","embryonic day 4"
"E4.7.647","E4.7.647","embryonic day 4","embryonic day 4"
"E4.7.648","E4.7.648","embryonic day 4","embryonic day 4"
"E4.8.1173","E4.8.1173","embryonic day 4","embryonic day 4"
"E4.8.1175","E4.8.1175","embryonic day 4","embryonic day 4"
"E4.8.1178","E4.8.1178","embryonic day 4","embryonic day 4"
"E4.8.1179","E4.8.1179","embryonic day 4","embryonic day 4"
"E4.8.1180","E4.8.1180","embryonic day 4","embryonic day 4"
"E4.8.1181","E4.8.1181","embryonic day 4","embryonic day 4"
"E4.8.1182","E4.8.1182","embryonic day 4","embryonic day 4"
"E4.8.1183","E4.8.1183","embryonic day 4","embryonic day 4"
"E4.8.1184","E4.8.1184","embryonic day 4","embryonic day 4"
"E4.8.1185","E4.8.1185","embryonic day 4","embryonic day 4"
"E4.8.1187","E4.8.1187","embryonic day 4","embryonic day 4"
"E4.8.1188","E4.8.1188","embryonic day 4","embryonic day 4"
"E4.8.1189","E4.8.1189","embryonic day 4","embryonic day 4"
"E4.8.1190","E4.8.1190","embryonic day 4","embryonic day 4"
"E4.8.1191","E4.8.1191","embryonic day 4","embryonic day 4"
"E4.8.1192","E4.8.1192","embryonic day 4","embryonic day 4"
"E4.8.1193","E4.8.1193","embryonic day 4","embryonic day 4"
"E4.8.1194","E4.8.1194","embryonic day 4","embryonic day 4"
"E4.9.1195","E4.9.1195","embryonic day 4","embryonic day 4"
"E4.9.1197","E4.9.1197","embryonic day 4","embryonic day 4"
"E4.9.1200","E4.9.1200","embryonic day 4","embryonic day 4"
"E4.9.1202","E4.9.1202","embryonic day 4","embryonic day 4"
"E4.9.1203","E4.9.1203","embryonic day 4","embryonic day 4"
"E4.9.1204","E4.9.1204","embryonic day 4","embryonic day 4"
"E4.9.1205","E4.9.1205","embryonic day 4","embryonic day 4"
"E4.9.1206","E4.9.1206","embryonic day 4","embryonic day 4"
"E4.9.1207","E4.9.1207","embryonic day 4","embryonic day 4"
"E4.9.1208","E4.9.1208","embryonic day 4","embryonic day 4"
"E4.9.1209","E4.9.1209","embryonic day 4","embryonic day 4"
"E4.9.1210","E4.9.1210","embryonic day 4","embryonic day 4"
"E4.9.1211","E4.9.1211","embryonic day 4","embryonic day 4"
"E4.9.1212","E4.9.1212","embryonic day 4","embryonic day 4"
"E4.9.1213","E4.9.1213","embryonic day 4","embryonic day 4"
"E4.9.1214","E4.9.1214","embryonic day 4","embryonic day 4"
"E4.9.1215","E4.9.1215","embryonic day 4","embryonic day 4"
"E4.late.33.3157","E4.late.33.3157","embryonic day 4","embryonic day 4"
"E4.late.33.3158","E4.late.33.3158","embryonic day 4","embryonic day 4"
"E4.late.33.3159","E4.late.33.3159","embryonic day 4","embryonic day 4"
"E4.late.33.3160","E4.late.33.3160","embryonic day 4","embryonic day 4"
"E4.late.33.3161","E4.late.33.3161","embryonic day 4","embryonic day 4"
"E4.late.33.3162","E4.late.33.3162","embryonic day 4","embryonic day 4"
"E4.late.33.3163","E4.late.33.3163","embryonic day 4","embryonic day 4"
"E4.late.33.3165","E4.late.33.3165","embryonic day 4","embryonic day 4"
"E4.late.33.3166","E4.late.33.3166","embryonic day 4","embryonic day 4"
"E4.late.33.3167","E4.late.33.3167","embryonic day 4","embryonic day 4"
"E4.late.34.3170","E4.late.34.3170","embryonic day 4","embryonic day 4"
"E4.late.34.3171","E4.late.34.3171","embryonic day 4","embryonic day 4"
"E4.late.34.3172","E4.late.34.3172","embryonic day 4","embryonic day 4"
"E4.late.34.3173","E4.late.34.3173","embryonic day 4","embryonic day 4"
"E4.late.34.3174","E4.late.34.3174","embryonic day 4","embryonic day 4"
"E4.late.34.3175","E4.late.34.3175","embryonic day 4","embryonic day 4"
"E4.late.34.3176","E4.late.34.3176","embryonic day 4","embryonic day 4"
"E4.late.34.3178","E4.late.34.3178","embryonic day 4","embryonic day 4"
"E4.late.34.3180","E4.late.34.3180","embryonic day 4","embryonic day 4"
"E4.late.34.3182","E4.late.34.3182","embryonic day 4","embryonic day 4"
"E4.late.34.3183","E4.late.34.3183","embryonic day 4","embryonic day 4"
"E4.late.34.3184","E4.late.34.3184","embryonic day 4","embryonic day 4"
"E4.late.34.3188","E4.late.34.3188","embryonic day 4","embryonic day 4"
"E4.late.35.3193","E4.late.35.3193","embryonic day 4","embryonic day 4"
"E4.late.35.3196","E4.late.35.3196","embryonic day 4","embryonic day 4"
"E4.late.35.3197","E4.late.35.3197","embryonic day 4","embryonic day 4"
"E4.late.35.3199","E4.late.35.3199","embryonic day 4","embryonic day 4"
"E4.late.35.3200","E4.late.35.3200","embryonic day 4","embryonic day 4"
"E4.late.35.3201","E4.late.35.3201","embryonic day 4","embryonic day 4"
"E4.late.35.3203","E4.late.35.3203","embryonic day 4","embryonic day 4"
"E4.late.35.3204","E4.late.35.3204","embryonic day 4","embryonic day 4"
"E4.late.35.3205","E4.late.35.3205","embryonic day 4","embryonic day 4"
"E4.late.35.3207","E4.late.35.3207","embryonic day 4","embryonic day 4"
"E4.late.35.3208","E4.late.35.3208","embryonic day 4","embryonic day 4"
"E5.1.26","E5.1.26","embryonic day 5","embryonic day 5"
"E5.1.28","E5.1.28","embryonic day 5","embryonic day 5"
"E5.1.30","E5.1.30","embryonic day 5","embryonic day 5"
"E5.1.31","E5.1.31","embryonic day 5","embryonic day 5"
"E5.1.32","E5.1.32","embryonic day 5","embryonic day 5"
"E5.10.932","E5.10.932","embryonic day 5","embryonic day 5"
"E5.10.936","E5.10.936","embryonic day 5","embryonic day 5"
"E5.10.937","E5.10.937","embryonic day 5","embryonic day 5"
"E5.10.939","E5.10.939","embryonic day 5","embryonic day 5"
"E5.10.942","E5.10.942","embryonic day 5","embryonic day 5"
"E5.10.943","E5.10.943","embryonic day 5","embryonic day 5"
"E5.10.944","E5.10.944","embryonic day 5","embryonic day 5"
"E5.10.947","E5.10.947","embryonic day 5","embryonic day 5"
"E5.10.948","E5.10.948","embryonic day 5","embryonic day 5"
"E5.10.950","E5.10.950","embryonic day 5","embryonic day 5"
"E5.11.951","E5.11.951","embryonic day 5","embryonic day 5"
"E5.11.952","E5.11.952","embryonic day 5","embryonic day 5"
"E5.11.953","E5.11.953","embryonic day 5","embryonic day 5"
"E5.11.955","E5.11.955","embryonic day 5","embryonic day 5"
"E5.11.956","E5.11.956","embryonic day 5","embryonic day 5"
"E5.11.957","E5.11.957","embryonic day 5","embryonic day 5"
"E5.11.959","E5.11.959","embryonic day 5","embryonic day 5"
"E5.11.960","E5.11.960","embryonic day 5","embryonic day 5"
"E5.11.961","E5.11.961","embryonic day 5","embryonic day 5"
"E5.11.964","E5.11.964","embryonic day 5","embryonic day 5"
"E5.11.965","E5.11.965","embryonic day 5","embryonic day 5"
"E5.11.966","E5.11.966","embryonic day 5","embryonic day 5"
"E5.12.1031","E5.12.1031","embryonic day 5","embryonic day 5"
"E5.12.1034","E5.12.1034","embryonic day 5","embryonic day 5"
"E5.12.1036","E5.12.1036","embryonic day 5","embryonic day 5"
"E5.12.1041","E5.12.1041","embryonic day 5","embryonic day 5"
"E5.13.1750","E5.13.1750","embryonic day 5","embryonic day 5"
"E5.13.1751","E5.13.1751","embryonic day 5","embryonic day 5"
"E5.13.1753","E5.13.1753","embryonic day 5","embryonic day 5"
"E5.13.1754","E5.13.1754","embryonic day 5","embryonic day 5"
"E5.13.1755","E5.13.1755","embryonic day 5","embryonic day 5"
"E5.13.1757","E5.13.1757","embryonic day 5","embryonic day 5"
"E5.13.1759","E5.13.1759","embryonic day 5","embryonic day 5"
"E5.13.1760","E5.13.1760","embryonic day 5","embryonic day 5"
"E5.13.1761","E5.13.1761","embryonic day 5","embryonic day 5"
"E5.13.1762","E5.13.1762","embryonic day 5","embryonic day 5"
"E5.13.1763","E5.13.1763","embryonic day 5","embryonic day 5"
"E5.13.1764","E5.13.1764","embryonic day 5","embryonic day 5"
"E5.13.1765","E5.13.1765","embryonic day 5","embryonic day 5"
"E5.13.1766","E5.13.1766","embryonic day 5","embryonic day 5"
"E5.13.1767","E5.13.1767","embryonic day 5","embryonic day 5"
"E5.13.1768","E5.13.1768","embryonic day 5","embryonic day 5"
"E5.13.1770","E5.13.1770","embryonic day 5","embryonic day 5"
"E5.13.1771","E5.13.1771","embryonic day 5","embryonic day 5"
"E5.13.1773","E5.13.1773","embryonic day 5","embryonic day 5"
"E5.13.1774","E5.13.1774","embryonic day 5","embryonic day 5"
"E5.13.1775","E5.13.1775","embryonic day 5","embryonic day 5"
"E5.13.1776","E5.13.1776","embryonic day 5","embryonic day 5"
"E5.13.1777","E5.13.1777","embryonic day 5","embryonic day 5"
"E5.13.1778","E5.13.1778","embryonic day 5","embryonic day 5"
"E5.13.1779","E5.13.1779","embryonic day 5","embryonic day 5"
"E5.13.1780","E5.13.1780","embryonic day 5","embryonic day 5"
"E5.13.1781","E5.13.1781","embryonic day 5","embryonic day 5"
"E5.14.1782","E5.14.1782","embryonic day 5","embryonic day 5"
"E5.14.1783","E5.14.1783","embryonic day 5","embryonic day 5"
"E5.14.1784","E5.14.1784","embryonic day 5","embryonic day 5"
"E5.14.1786","E5.14.1786","embryonic day 5","embryonic day 5"
"E5.14.1787","E5.14.1787","embryonic day 5","embryonic day 5"
"E5.14.1788","E5.14.1788","embryonic day 5","embryonic day 5"
"E5.14.1789","E5.14.1789","embryonic day 5","embryonic day 5"
"E5.14.1790","E5.14.1790","embryonic day 5","embryonic day 5"
"E5.14.1792","E5.14.1792","embryonic day 5","embryonic day 5"
"E5.14.1793","E5.14.1793","embryonic day 5","embryonic day 5"
"E5.14.1794","E5.14.1794","embryonic day 5","embryonic day 5"
"E5.14.1795","E5.14.1795","embryonic day 5","embryonic day 5"
"E5.14.1797","E5.14.1797","embryonic day 5","embryonic day 5"
"E5.14.1806","E5.14.1806","embryonic day 5","embryonic day 5"
"E5.14.1807","E5.14.1807","embryonic day 5","embryonic day 5"
"E5.14.1811","E5.14.1811","embryonic day 5","embryonic day 5"
"E5.14.1813","E5.14.1813","embryonic day 5","embryonic day 5"
"E5.14.1916","E5.14.1916","embryonic day 5","embryonic day 5"
"E5.14.1918","E5.14.1918","embryonic day 5","embryonic day 5"
"E5.14.1919","E5.14.1919","embryonic day 5","embryonic day 5"
"E5.14.1923","E5.14.1923","embryonic day 5","embryonic day 5"
"E5.14.1924","E5.14.1924","embryonic day 5","embryonic day 5"
"E5.15.1823","E5.15.1823","embryonic day 5","embryonic day 5"
"E5.15.1826","E5.15.1826","embryonic day 5","embryonic day 5"
"E5.15.1827","E5.15.1827","embryonic day 5","embryonic day 5"
"E5.15.1828","E5.15.1828","embryonic day 5","embryonic day 5"
"E5.15.1829","E5.15.1829","embryonic day 5","embryonic day 5"
"E5.15.1831","E5.15.1831","embryonic day 5","embryonic day 5"
"E5.15.1834","E5.15.1834","embryonic day 5","embryonic day 5"
"E5.15.1835","E5.15.1835","embryonic day 5","embryonic day 5"
"E5.15.1836","E5.15.1836","embryonic day 5","embryonic day 5"
"E5.15.1837","E5.15.1837","embryonic day 5","embryonic day 5"
"E5.15.1838","E5.15.1838","embryonic day 5","embryonic day 5"
"E5.15.1839","E5.15.1839","embryonic day 5","embryonic day 5"
"E5.15.1840","E5.15.1840","embryonic day 5","embryonic day 5"
"E5.15.1841","E5.15.1841","embryonic day 5","embryonic day 5"
"E5.15.1842","E5.15.1842","embryonic day 5","embryonic day 5"
"E5.15.1843","E5.15.1843","embryonic day 5","embryonic day 5"
"E5.15.1844","E5.15.1844","embryonic day 5","embryonic day 5"
"E5.15.1845","E5.15.1845","embryonic day 5","embryonic day 5"
"E5.16.1887","E5.16.1887","embryonic day 5","embryonic day 5"
"E5.16.1888","E5.16.1888","embryonic day 5","embryonic day 5"
"E5.16.1890","E5.16.1890","embryonic day 5","embryonic day 5"
"E5.16.1891","E5.16.1891","embryonic day 5","embryonic day 5"
"E5.16.1894","E5.16.1894","embryonic day 5","embryonic day 5"
"E5.16.1895","E5.16.1895","embryonic day 5","embryonic day 5"
"E5.16.1896","E5.16.1896","embryonic day 5","embryonic day 5"
"E5.16.1897","E5.16.1897","embryonic day 5","embryonic day 5"
"E5.16.1898","E5.16.1898","embryonic day 5","embryonic day 5"
"E5.16.1901","E5.16.1901","embryonic day 5","embryonic day 5"
"E5.16.1903","E5.16.1903","embryonic day 5","embryonic day 5"
"E5.16.1904","E5.16.1904","embryonic day 5","embryonic day 5"
"E5.16.1905","E5.16.1905","embryonic day 5","embryonic day 5"
"E5.16.1906","E5.16.1906","embryonic day 5","embryonic day 5"
"E5.16.1907","E5.16.1907","embryonic day 5","embryonic day 5"
"E5.16.1908","E5.16.1908","embryonic day 5","embryonic day 5"
"E5.16.1909","E5.16.1909","embryonic day 5","embryonic day 5"
"E5.16.1910","E5.16.1910","embryonic day 5","embryonic day 5"
"E5.16.1912","E5.16.1912","embryonic day 5","embryonic day 5"
"E5.16.1913","E5.16.1913","embryonic day 5","embryonic day 5"
"E5.16.1914","E5.16.1914","embryonic day 5","embryonic day 5"
"E5.2.38","E5.2.38","embryonic day 5","embryonic day 5"
"E5.2.40","E5.2.40","embryonic day 5","embryonic day 5"
"E5.2.41","E5.2.41","embryonic day 5","embryonic day 5"
"E5.2.42","E5.2.42","embryonic day 5","embryonic day 5"
"E5.2.43","E5.2.43","embryonic day 5","embryonic day 5"
"E5.2.45","E5.2.45","embryonic day 5","embryonic day 5"
"E5.2.46","E5.2.46","embryonic day 5","embryonic day 5"
"E5.2.47","E5.2.47","embryonic day 5","embryonic day 5"
"E5.2.48","E5.2.48","embryonic day 5","embryonic day 5"
"E5.3.49","E5.3.49","embryonic day 5","embryonic day 5"
"E5.3.50","E5.3.50","embryonic day 5","embryonic day 5"
"E5.3.51","E5.3.51","embryonic day 5","embryonic day 5"
"E5.3.52","E5.3.52","embryonic day 5","embryonic day 5"
"E5.3.54","E5.3.54","embryonic day 5","embryonic day 5"
"E5.3.55","E5.3.55","embryonic day 5","embryonic day 5"
"E5.3.56","E5.3.56","embryonic day 5","embryonic day 5"
"E5.3.57","E5.3.57","embryonic day 5","embryonic day 5"
"E5.3.58","E5.3.58","embryonic day 5","embryonic day 5"
"E5.3.59","E5.3.59","embryonic day 5","embryonic day 5"
"E5.3.61","E5.3.61","embryonic day 5","embryonic day 5"
"E5.37.3232","E5.37.3232","embryonic day 5","embryonic day 5"
"E5.37.3234","E5.37.3234","embryonic day 5","embryonic day 5"
"E5.37.3235","E5.37.3235","embryonic day 5","embryonic day 5"
"E5.37.3237","E5.37.3237","embryonic day 5","embryonic day 5"
"E5.37.3239","E5.37.3239","embryonic day 5","embryonic day 5"
"E5.37.3242","E5.37.3242","embryonic day 5","embryonic day 5"
"E5.37.3243","E5.37.3243","embryonic day 5","embryonic day 5"
"E5.37.3245","E5.37.3245","embryonic day 5","embryonic day 5"
"E5.37.3246","E5.37.3246","embryonic day 5","embryonic day 5"
"E5.37.3247","E5.37.3247","embryonic day 5","embryonic day 5"
"E5.38.3255","E5.38.3255","embryonic day 5","embryonic day 5"
"E5.39.3262","E5.39.3262","embryonic day 5","embryonic day 5"
"E5.39.3264","E5.39.3264","embryonic day 5","embryonic day 5"
"E5.40.3279","E5.40.3279","embryonic day 5","embryonic day 5"
"E5.40.3280","E5.40.3280","embryonic day 5","embryonic day 5"
"E5.40.3281","E5.40.3281","embryonic day 5","embryonic day 5"
"E5.40.3282","E5.40.3282","embryonic day 5","embryonic day 5"
"E5.40.3283","E5.40.3283","embryonic day 5","embryonic day 5"
"E5.40.3284","E5.40.3284","embryonic day 5","embryonic day 5"
"E5.40.3286","E5.40.3286","embryonic day 5","embryonic day 5"
"E5.40.3287","E5.40.3287","embryonic day 5","embryonic day 5"
"E5.40.3288","E5.40.3288","embryonic day 5","embryonic day 5"
"E5.40.3289","E5.40.3289","embryonic day 5","embryonic day 5"
"E5.40.3290","E5.40.3290","embryonic day 5","embryonic day 5"
"E5.40.3291","E5.40.3291","embryonic day 5","embryonic day 5"
"E5.40.3292","E5.40.3292","embryonic day 5","embryonic day 5"
"E5.40.3294","E5.40.3294","embryonic day 5","embryonic day 5"
"E5.40.3296","E5.40.3296","embryonic day 5","embryonic day 5"
"E5.40.3297","E5.40.3297","embryonic day 5","embryonic day 5"
"E5.40.3298","E5.40.3298","embryonic day 5","embryonic day 5"
"E5.40.3299","E5.40.3299","embryonic day 5","embryonic day 5"
"E5.40.3301","E5.40.3301","embryonic day 5","embryonic day 5"
"E5.40.3302","E5.40.3302","embryonic day 5","embryonic day 5"
"E5.40.3303","E5.40.3303","embryonic day 5","embryonic day 5"
"E5.40.3304","E5.40.3304","embryonic day 5","embryonic day 5"
"E5.41.3305","E5.41.3305","embryonic day 5","embryonic day 5"
"E5.41.3306","E5.41.3306","embryonic day 5","embryonic day 5"
"E5.41.3307","E5.41.3307","embryonic day 5","embryonic day 5"
"E5.41.3308","E5.41.3308","embryonic day 5","embryonic day 5"
"E5.41.3309","E5.41.3309","embryonic day 5","embryonic day 5"
"E5.41.3310","E5.41.3310","embryonic day 5","embryonic day 5"
"E5.41.3313","E5.41.3313","embryonic day 5","embryonic day 5"
"E5.41.3315","E5.41.3315","embryonic day 5","embryonic day 5"
"E5.41.3317","E5.41.3317","embryonic day 5","embryonic day 5"
"E5.41.3318","E5.41.3318","embryonic day 5","embryonic day 5"
"E5.41.3321","E5.41.3321","embryonic day 5","embryonic day 5"
"E5.41.3322","E5.41.3322","embryonic day 5","embryonic day 5"
"E5.41.3323","E5.41.3323","embryonic day 5","embryonic day 5"
"E5.41.3324","E5.41.3324","embryonic day 5","embryonic day 5"
"E5.41.3325","E5.41.3325","embryonic day 5","embryonic day 5"
"E5.41.3326","E5.41.3326","embryonic day 5","embryonic day 5"
"E5.41.3327","E5.41.3327","embryonic day 5","embryonic day 5"
"E5.41.3328","E5.41.3328","embryonic day 5","embryonic day 5"
"E5.42.3329","E5.42.3329","embryonic day 5","embryonic day 5"
"E5.42.3330","E5.42.3330","embryonic day 5","embryonic day 5"
"E5.42.3331","E5.42.3331","embryonic day 5","embryonic day 5"
"E5.42.3332","E5.42.3332","embryonic day 5","embryonic day 5"
"E5.42.3333","E5.42.3333","embryonic day 5","embryonic day 5"
"E5.42.3334","E5.42.3334","embryonic day 5","embryonic day 5"
"E5.42.3335","E5.42.3335","embryonic day 5","embryonic day 5"
"E5.42.3336","E5.42.3336","embryonic day 5","embryonic day 5"
"E5.42.3337","E5.42.3337","embryonic day 5","embryonic day 5"
"E5.42.3340","E5.42.3340","embryonic day 5","embryonic day 5"
"E5.43.3343","E5.43.3343","embryonic day 5","embryonic day 5"
"E5.43.3347","E5.43.3347","embryonic day 5","embryonic day 5"
"E5.43.3348","E5.43.3348","embryonic day 5","embryonic day 5"
"E5.43.3350","E5.43.3350","embryonic day 5","embryonic day 5"
"E5.43.3352","E5.43.3352","embryonic day 5","embryonic day 5"
"E5.43.3353","E5.43.3353","embryonic day 5","embryonic day 5"
"E5.43.3354","E5.43.3354","embryonic day 5","embryonic day 5"
"E5.43.3355","E5.43.3355","embryonic day 5","embryonic day 5"
"E5.43.3356","E5.43.3356","embryonic day 5","embryonic day 5"
"E5.43.3357","E5.43.3357","embryonic day 5","embryonic day 5"
"E5.43.3358","E5.43.3358","embryonic day 5","embryonic day 5"
"E5.43.3359","E5.43.3359","embryonic day 5","embryonic day 5"
"E5.43.3360","E5.43.3360","embryonic day 5","embryonic day 5"
"E5.43.3361","E5.43.3361","embryonic day 5","embryonic day 5"
"E5.43.3362","E5.43.3362","embryonic day 5","embryonic day 5"
"E5.43.3363","E5.43.3363","embryonic day 5","embryonic day 5"
"E5.43.3364","E5.43.3364","embryonic day 5","embryonic day 5"
"E5.43.3365","E5.43.3365","embryonic day 5","embryonic day 5"
"E5.5.100","E5.5.100","embryonic day 5","embryonic day 5"
"E5.5.101","E5.5.101","embryonic day 5","embryonic day 5"
"E5.5.91","E5.5.91","embryonic day 5","embryonic day 5"
"E5.5.92","E5.5.92","embryonic day 5","embryonic day 5"
"E5.5.93","E5.5.93","embryonic day 5","embryonic day 5"
"E5.5.95","E5.5.95","embryonic day 5","embryonic day 5"
"E5.5.96","E5.5.96","embryonic day 5","embryonic day 5"
"E5.5.97","E5.5.97","embryonic day 5","embryonic day 5"
"E5.5.98","E5.5.98","embryonic day 5","embryonic day 5"
"E5.5.99","E5.5.99","embryonic day 5","embryonic day 5"
"E5.6.361","E5.6.361","embryonic day 5","embryonic day 5"
"E5.6.362","E5.6.362","embryonic day 5","embryonic day 5"
"E5.6.364","E5.6.364","embryonic day 5","embryonic day 5"
"E5.6.365","E5.6.365","embryonic day 5","embryonic day 5"
"E5.6.371","E5.6.371","embryonic day 5","embryonic day 5"
"E5.6.372","E5.6.372","embryonic day 5","embryonic day 5"
"E5.6.375","E5.6.375","embryonic day 5","embryonic day 5"
"E5.6.379","E5.6.379","embryonic day 5","embryonic day 5"
"E5.6.382","E5.6.382","embryonic day 5","embryonic day 5"
"E5.7.674","E5.7.674","embryonic day 5","embryonic day 5"
"E5.7.675","E5.7.675","embryonic day 5","embryonic day 5"
"E5.7.676","E5.7.676","embryonic day 5","embryonic day 5"
"E5.7.677","E5.7.677","embryonic day 5","embryonic day 5"
"E5.7.678","E5.7.678","embryonic day 5","embryonic day 5"
"E5.7.679","E5.7.679","embryonic day 5","embryonic day 5"
"E5.7.681","E5.7.681","embryonic day 5","embryonic day 5"
"E5.7.682","E5.7.682","embryonic day 5","embryonic day 5"
"E5.7.683","E5.7.683","embryonic day 5","embryonic day 5"
"E5.7.684","E5.7.684","embryonic day 5","embryonic day 5"
"E5.7.685","E5.7.685","embryonic day 5","embryonic day 5"
"E5.7.686","E5.7.686","embryonic day 5","embryonic day 5"
"E5.7.687","E5.7.687","embryonic day 5","embryonic day 5"
"E5.7.688","E5.7.688","embryonic day 5","embryonic day 5"
"E5.7.689","E5.7.689","embryonic day 5","embryonic day 5"
"E5.7.690","E5.7.690","embryonic day 5","embryonic day 5"
"E5.7.691","E5.7.691","embryonic day 5","embryonic day 5"
"E5.7.692","E5.7.692","embryonic day 5","embryonic day 5"
"E5.7.693","E5.7.693","embryonic day 5","embryonic day 5"
"E5.7.694","E5.7.694","embryonic day 5","embryonic day 5"
"E5.7.695","E5.7.695","embryonic day 5","embryonic day 5"
"E5.7.696","E5.7.696","embryonic day 5","embryonic day 5"
"E5.7.697","E5.7.697","embryonic day 5","embryonic day 5"
"E5.7.698","E5.7.698","embryonic day 5","embryonic day 5"
"E5.7.700","E5.7.700","embryonic day 5","embryonic day 5"
"E5.7.701","E5.7.701","embryonic day 5","embryonic day 5"
"E5.7.702","E5.7.702","embryonic day 5","embryonic day 5"
"E5.7.703","E5.7.703","embryonic day 5","embryonic day 5"
"E5.7.704","E5.7.704","embryonic day 5","embryonic day 5"
"E5.7.705","E5.7.705","embryonic day 5","embryonic day 5"
"E5.7.706","E5.7.706","embryonic day 5","embryonic day 5"
"E5.8.915","E5.8.915","embryonic day 5","embryonic day 5"
"E5.8.916","E5.8.916","embryonic day 5","embryonic day 5"
"E5.8.919","E5.8.919","embryonic day 5","embryonic day 5"
"E5.8.920","E5.8.920","embryonic day 5","embryonic day 5"
"E5.8.921","E5.8.921","embryonic day 5","embryonic day 5"
"E5.8.922","E5.8.922","embryonic day 5","embryonic day 5"
"E5.9.923","E5.9.923","embryonic day 5","embryonic day 5"
"E5.9.924","E5.9.924","embryonic day 5","embryonic day 5"
"E5.9.925","E5.9.925","embryonic day 5","embryonic day 5"
"E5.9.927","E5.9.927","embryonic day 5","embryonic day 5"
"E5.9.928","E5.9.928","embryonic day 5","embryonic day 5"
"E5.9.931","E5.9.931","embryonic day 5","embryonic day 5"
"E5.early.31.3058","E5.early.31.3058","embryonic day 5","embryonic day 5"
"E5.early.31.3059","E5.early.31.3059","embryonic day 5","embryonic day 5"
"E5.early.31.3060","E5.early.31.3060","embryonic day 5","embryonic day 5"
"E5.early.31.3062","E5.early.31.3062","embryonic day 5","embryonic day 5"
"E5.early.31.3064","E5.early.31.3064","embryonic day 5","embryonic day 5"
"E5.early.31.3068","E5.early.31.3068","embryonic day 5","embryonic day 5"
"E5.early.31.3069","E5.early.31.3069","embryonic day 5","embryonic day 5"
"E5.early.31.3070","E5.early.31.3070","embryonic day 5","embryonic day 5"
"E5.early.31.3071","E5.early.31.3071","embryonic day 5","embryonic day 5"
"E5.early.31.3072","E5.early.31.3072","embryonic day 5","embryonic day 5"
"E5.early.36.3215","E5.early.36.3215","embryonic day 5","embryonic day 5"
"E5.early.36.3216","E5.early.36.3216","embryonic day 5","embryonic day 5"
"E5.early.36.3217","E5.early.36.3217","embryonic day 5","embryonic day 5"
"E5.early.36.3218","E5.early.36.3218","embryonic day 5","embryonic day 5"
"E5.early.36.3220","E5.early.36.3220","embryonic day 5","embryonic day 5"
"E5.early.36.3221","E5.early.36.3221","embryonic day 5","embryonic day 5"
"E5.early.36.3222","E5.early.36.3222","embryonic day 5","embryonic day 5"
"E5.early.36.3223","E5.early.36.3223","embryonic day 5","embryonic day 5"
"E5.early.36.3224","E5.early.36.3224","embryonic day 5","embryonic day 5"
"E5.early.36.3225","E5.early.36.3225","embryonic day 5","embryonic day 5"
"E5.early.36.3226","E5.early.36.3226","embryonic day 5","embryonic day 5"
"E5.early.36.3227","E5.early.36.3227","embryonic day 5","embryonic day 5"
"E6.1.72","E6.1.72","embryonic day 6","embryonic day 6"
"E6.1.77","E6.1.77","embryonic day 6","embryonic day 6"
"E6.1.78","E6.1.78","embryonic day 6","embryonic day 6"
"E6.1.79","E6.1.79","embryonic day 6","embryonic day 6"
"E6.1.80","E6.1.80","embryonic day 6","embryonic day 6"
"E6.1.81","E6.1.81","embryonic day 6","embryonic day 6"
"E6.1.82","E6.1.82","embryonic day 6","embryonic day 6"
"E6.1.83","E6.1.83","embryonic day 6","embryonic day 6"
"E6.1.84","E6.1.84","embryonic day 6","embryonic day 6"
"E6.1.85","E6.1.85","embryonic day 6","embryonic day 6"
"E6.1.86","E6.1.86","embryonic day 6","embryonic day 6"
"E6.1.88","E6.1.88","embryonic day 6","embryonic day 6"
"E6.1.89","E6.1.89","embryonic day 6","embryonic day 6"
"E6.1.90","E6.1.90","embryonic day 6","embryonic day 6"
"E6.10.1043","E6.10.1043","embryonic day 6","embryonic day 6"
"E6.10.1045","E6.10.1045","embryonic day 6","embryonic day 6"
"E6.10.1046","E6.10.1046","embryonic day 6","embryonic day 6"
"E6.10.1047","E6.10.1047","embryonic day 6","embryonic day 6"
"E6.10.1049","E6.10.1049","embryonic day 6","embryonic day 6"
"E6.10.1050","E6.10.1050","embryonic day 6","embryonic day 6"
"E6.10.1051","E6.10.1051","embryonic day 6","embryonic day 6"
"E6.10.1052","E6.10.1052","embryonic day 6","embryonic day 6"
"E6.10.1055","E6.10.1055","embryonic day 6","embryonic day 6"
"E6.10.1056","E6.10.1056","embryonic day 6","embryonic day 6"
"E6.10.1057","E6.10.1057","embryonic day 6","embryonic day 6"
"E6.10.1058","E6.10.1058","embryonic day 6","embryonic day 6"
"E6.10.1060","E6.10.1060","embryonic day 6","embryonic day 6"
"E6.10.1061","E6.10.1061","embryonic day 6","embryonic day 6"
"E6.11.1064","E6.11.1064","embryonic day 6","embryonic day 6"
"E6.11.1065","E6.11.1065","embryonic day 6","embryonic day 6"
"E6.11.1068","E6.11.1068","embryonic day 6","embryonic day 6"
"E6.11.1070","E6.11.1070","embryonic day 6","embryonic day 6"
"E6.11.1076","E6.11.1076","embryonic day 6","embryonic day 6"
"E6.12.1266","E6.12.1266","embryonic day 6","embryonic day 6"
"E6.12.1267","E6.12.1267","embryonic day 6","embryonic day 6"
"E6.12.1268","E6.12.1268","embryonic day 6","embryonic day 6"
"E6.12.1269","E6.12.1269","embryonic day 6","embryonic day 6"
"E6.12.1271","E6.12.1271","embryonic day 6","embryonic day 6"
"E6.12.1272","E6.12.1272","embryonic day 6","embryonic day 6"
"E6.12.1274","E6.12.1274","embryonic day 6","embryonic day 6"
"E6.12.1275","E6.12.1275","embryonic day 6","embryonic day 6"
"E6.12.1276","E6.12.1276","embryonic day 6","embryonic day 6"
"E6.12.1277","E6.12.1277","embryonic day 6","embryonic day 6"
"E6.12.1278","E6.12.1278","embryonic day 6","embryonic day 6"
"E6.12.1279","E6.12.1279","embryonic day 6","embryonic day 6"
"E6.12.1280","E6.12.1280","embryonic day 6","embryonic day 6"
"E6.12.1281","E6.12.1281","embryonic day 6","embryonic day 6"
"E6.12.1286","E6.12.1286","embryonic day 6","embryonic day 6"
"E6.12.1287","E6.12.1287","embryonic day 6","embryonic day 6"
"E6.12.1288","E6.12.1288","embryonic day 6","embryonic day 6"
"E6.12.1289","E6.12.1289","embryonic day 6","embryonic day 6"
"E6.12.1290","E6.12.1290","embryonic day 6","embryonic day 6"
"E6.12.1291","E6.12.1291","embryonic day 6","embryonic day 6"
"E6.12.1293","E6.12.1293","embryonic day 6","embryonic day 6"
"E6.12.1482","E6.12.1482","embryonic day 6","embryonic day 6"
"E6.12.1483","E6.12.1483","embryonic day 6","embryonic day 6"
"E6.12.1484","E6.12.1484","embryonic day 6","embryonic day 6"
"E6.12.1485","E6.12.1485","embryonic day 6","embryonic day 6"
"E6.12.1486","E6.12.1486","embryonic day 6","embryonic day 6"
"E6.12.1487","E6.12.1487","embryonic day 6","embryonic day 6"
"E6.12.1488","E6.12.1488","embryonic day 6","embryonic day 6"
"E6.13.1362","E6.13.1362","embryonic day 6","embryonic day 6"
"E6.13.1363","E6.13.1363","embryonic day 6","embryonic day 6"
"E6.13.1364","E6.13.1364","embryonic day 6","embryonic day 6"
"E6.13.1365","E6.13.1365","embryonic day 6","embryonic day 6"
"E6.13.1366","E6.13.1366","embryonic day 6","embryonic day 6"
"E6.13.1367","E6.13.1367","embryonic day 6","embryonic day 6"
"E6.13.1368","E6.13.1368","embryonic day 6","embryonic day 6"
"E6.13.1369","E6.13.1369","embryonic day 6","embryonic day 6"
"E6.13.1373","E6.13.1373","embryonic day 6","embryonic day 6"
"E6.13.1374","E6.13.1374","embryonic day 6","embryonic day 6"
"E6.13.1375","E6.13.1375","embryonic day 6","embryonic day 6"
"E6.13.1376","E6.13.1376","embryonic day 6","embryonic day 6"
"E6.13.1377","E6.13.1377","embryonic day 6","embryonic day 6"
"E6.13.1378","E6.13.1378","embryonic day 6","embryonic day 6"
"E6.13.1379","E6.13.1379","embryonic day 6","embryonic day 6"
"E6.13.1380","E6.13.1380","embryonic day 6","embryonic day 6"
"E6.13.1381","E6.13.1381","embryonic day 6","embryonic day 6"
"E6.13.1382","E6.13.1382","embryonic day 6","embryonic day 6"
"E6.13.1383","E6.13.1383","embryonic day 6","embryonic day 6"
"E6.13.1384","E6.13.1384","embryonic day 6","embryonic day 6"
"E6.13.1386","E6.13.1386","embryonic day 6","embryonic day 6"
"E6.13.1387","E6.13.1387","embryonic day 6","embryonic day 6"
"E6.13.1388","E6.13.1388","embryonic day 6","embryonic day 6"
"E6.13.1389","E6.13.1389","embryonic day 6","embryonic day 6"
"E6.13.1390","E6.13.1390","embryonic day 6","embryonic day 6"
"E6.13.1391","E6.13.1391","embryonic day 6","embryonic day 6"
"E6.13.1392","E6.13.1392","embryonic day 6","embryonic day 6"
"E6.13.1393","E6.13.1393","embryonic day 6","embryonic day 6"
"E6.13.1394","E6.13.1394","embryonic day 6","embryonic day 6"
"E6.13.1395","E6.13.1395","embryonic day 6","embryonic day 6"
"E6.13.1396","E6.13.1396","embryonic day 6","embryonic day 6"
"E6.13.1397","E6.13.1397","embryonic day 6","embryonic day 6"
"E6.13.1398","E6.13.1398","embryonic day 6","embryonic day 6"
"E6.13.1399","E6.13.1399","embryonic day 6","embryonic day 6"
"E6.13.1400","E6.13.1400","embryonic day 6","embryonic day 6"
"E6.14.1402","E6.14.1402","embryonic day 6","embryonic day 6"
"E6.14.1403","E6.14.1403","embryonic day 6","embryonic day 6"
"E6.14.1404","E6.14.1404","embryonic day 6","embryonic day 6"
"E6.14.1406","E6.14.1406","embryonic day 6","embryonic day 6"
"E6.14.1407","E6.14.1407","embryonic day 6","embryonic day 6"
"E6.14.1409","E6.14.1409","embryonic day 6","embryonic day 6"
"E6.14.1410","E6.14.1410","embryonic day 6","embryonic day 6"
"E6.14.1411","E6.14.1411","embryonic day 6","embryonic day 6"
"E6.14.1412","E6.14.1412","embryonic day 6","embryonic day 6"
"E6.14.1413","E6.14.1413","embryonic day 6","embryonic day 6"
"E6.14.1414","E6.14.1414","embryonic day 6","embryonic day 6"
"E6.14.1416","E6.14.1416","embryonic day 6","embryonic day 6"
"E6.14.1417","E6.14.1417","embryonic day 6","embryonic day 6"
"E6.14.1418","E6.14.1418","embryonic day 6","embryonic day 6"
"E6.14.1419","E6.14.1419","embryonic day 6","embryonic day 6"
"E6.14.1420","E6.14.1420","embryonic day 6","embryonic day 6"
"E6.14.1421","E6.14.1421","embryonic day 6","embryonic day 6"
"E6.14.1422","E6.14.1422","embryonic day 6","embryonic day 6"
"E6.14.1423","E6.14.1423","embryonic day 6","embryonic day 6"
"E6.14.1424","E6.14.1424","embryonic day 6","embryonic day 6"
"E6.14.1425","E6.14.1425","embryonic day 6","embryonic day 6"
"E6.14.1426","E6.14.1426","embryonic day 6","embryonic day 6"
"E6.14.1427","E6.14.1427","embryonic day 6","embryonic day 6"
"E6.14.1428","E6.14.1428","embryonic day 6","embryonic day 6"
"E6.14.1429","E6.14.1429","embryonic day 6","embryonic day 6"
"E6.14.1430","E6.14.1430","embryonic day 6","embryonic day 6"
"E6.14.1431","E6.14.1431","embryonic day 6","embryonic day 6"
"E6.14.1432","E6.14.1432","embryonic day 6","embryonic day 6"
"E6.14.1433","E6.14.1433","embryonic day 6","embryonic day 6"
"E6.15.1434","E6.15.1434","embryonic day 6","embryonic day 6"
"E6.15.1436","E6.15.1436","embryonic day 6","embryonic day 6"
"E6.15.1437","E6.15.1437","embryonic day 6","embryonic day 6"
"E6.15.1438","E6.15.1438","embryonic day 6","embryonic day 6"
"E6.15.1439","E6.15.1439","embryonic day 6","embryonic day 6"
"E6.15.1443","E6.15.1443","embryonic day 6","embryonic day 6"
"E6.15.1447","E6.15.1447","embryonic day 6","embryonic day 6"
"E6.15.1450","E6.15.1450","embryonic day 6","embryonic day 6"
"E6.15.1451","E6.15.1451","embryonic day 6","embryonic day 6"
"E6.15.1453","E6.15.1453","embryonic day 6","embryonic day 6"
"E6.15.1454","E6.15.1454","embryonic day 6","embryonic day 6"
"E6.15.1455","E6.15.1455","embryonic day 6","embryonic day 6"
"E6.15.1457","E6.15.1457","embryonic day 6","embryonic day 6"
"E6.15.1458","E6.15.1458","embryonic day 6","embryonic day 6"
"E6.15.1460","E6.15.1460","embryonic day 6","embryonic day 6"
"E6.15.1461","E6.15.1461","embryonic day 6","embryonic day 6"
"E6.15.1462","E6.15.1462","embryonic day 6","embryonic day 6"
"E6.15.1463","E6.15.1463","embryonic day 6","embryonic day 6"
"E6.15.1465","E6.15.1465","embryonic day 6","embryonic day 6"
"E6.15.1466","E6.15.1466","embryonic day 6","embryonic day 6"
"E6.15.1467","E6.15.1467","embryonic day 6","embryonic day 6"
"E6.15.1468","E6.15.1468","embryonic day 6","embryonic day 6"
"E6.15.1469","E6.15.1469","embryonic day 6","embryonic day 6"
"E6.15.1470","E6.15.1470","embryonic day 6","embryonic day 6"
"E6.15.1471","E6.15.1471","embryonic day 6","embryonic day 6"
"E6.15.1473","E6.15.1473","embryonic day 6","embryonic day 6"
"E6.15.1474","E6.15.1474","embryonic day 6","embryonic day 6"
"E6.15.1475","E6.15.1475","embryonic day 6","embryonic day 6"
"E6.15.1476","E6.15.1476","embryonic day 6","embryonic day 6"
"E6.15.1477","E6.15.1477","embryonic day 6","embryonic day 6"
"E6.15.1478","E6.15.1478","embryonic day 6","embryonic day 6"
"E6.15.1479","E6.15.1479","embryonic day 6","embryonic day 6"
"E6.15.1481","E6.15.1481","embryonic day 6","embryonic day 6"
"E6.16.1493","E6.16.1493","embryonic day 6","embryonic day 6"
"E6.16.1494","E6.16.1494","embryonic day 6","embryonic day 6"
"E6.16.1495","E6.16.1495","embryonic day 6","embryonic day 6"
"E6.16.1496","E6.16.1496","embryonic day 6","embryonic day 6"
"E6.16.1497","E6.16.1497","embryonic day 6","embryonic day 6"
"E6.16.1498","E6.16.1498","embryonic day 6","embryonic day 6"
"E6.16.1499","E6.16.1499","embryonic day 6","embryonic day 6"
"E6.16.1500","E6.16.1500","embryonic day 6","embryonic day 6"
"E6.16.1501","E6.16.1501","embryonic day 6","embryonic day 6"
"E6.16.1503","E6.16.1503","embryonic day 6","embryonic day 6"
"E6.16.1504","E6.16.1504","embryonic day 6","embryonic day 6"
"E6.16.1505","E6.16.1505","embryonic day 6","embryonic day 6"
"E6.17.1572","E6.17.1572","embryonic day 6","embryonic day 6"
"E6.17.1573","E6.17.1573","embryonic day 6","embryonic day 6"
"E6.17.1574","E6.17.1574","embryonic day 6","embryonic day 6"
"E6.17.1575","E6.17.1575","embryonic day 6","embryonic day 6"
"E6.17.1576","E6.17.1576","embryonic day 6","embryonic day 6"
"E6.17.1578","E6.17.1578","embryonic day 6","embryonic day 6"
"E6.17.1579","E6.17.1579","embryonic day 6","embryonic day 6"
"E6.17.1581","E6.17.1581","embryonic day 6","embryonic day 6"
"E6.17.1582","E6.17.1582","embryonic day 6","embryonic day 6"
"E6.17.1583","E6.17.1583","embryonic day 6","embryonic day 6"
"E6.17.1584","E6.17.1584","embryonic day 6","embryonic day 6"
"E6.17.1585","E6.17.1585","embryonic day 6","embryonic day 6"
"E6.17.1586","E6.17.1586","embryonic day 6","embryonic day 6"
"E6.17.1587","E6.17.1587","embryonic day 6","embryonic day 6"
"E6.17.1588","E6.17.1588","embryonic day 6","embryonic day 6"
"E6.17.1590","E6.17.1590","embryonic day 6","embryonic day 6"
"E6.17.1591","E6.17.1591","embryonic day 6","embryonic day 6"
"E6.17.1592","E6.17.1592","embryonic day 6","embryonic day 6"
"E6.17.1593","E6.17.1593","embryonic day 6","embryonic day 6"
"E6.17.1594","E6.17.1594","embryonic day 6","embryonic day 6"
"E6.17.1596","E6.17.1596","embryonic day 6","embryonic day 6"
"E6.17.1598","E6.17.1598","embryonic day 6","embryonic day 6"
"E6.17.1599","E6.17.1599","embryonic day 6","embryonic day 6"
"E6.17.1600","E6.17.1600","embryonic day 6","embryonic day 6"
"E6.17.1601","E6.17.1601","embryonic day 6","embryonic day 6"
"E6.17.1602","E6.17.1602","embryonic day 6","embryonic day 6"
"E6.17.1603","E6.17.1603","embryonic day 6","embryonic day 6"
"E6.17.1605","E6.17.1605","embryonic day 6","embryonic day 6"
"E6.17.1606","E6.17.1606","embryonic day 6","embryonic day 6"
"E6.17.1607","E6.17.1607","embryonic day 6","embryonic day 6"
"E6.17.1608","E6.17.1608","embryonic day 6","embryonic day 6"
"E6.17.1609","E6.17.1609","embryonic day 6","embryonic day 6"
"E6.17.1610","E6.17.1610","embryonic day 6","embryonic day 6"
"E6.17.1611","E6.17.1611","embryonic day 6","embryonic day 6"
"E6.17.1612","E6.17.1612","embryonic day 6","embryonic day 6"
"E6.17.1613","E6.17.1613","embryonic day 6","embryonic day 6"
"E6.17.1616","E6.17.1616","embryonic day 6","embryonic day 6"
"E6.17.1617","E6.17.1617","embryonic day 6","embryonic day 6"
"E6.17.1618","E6.17.1618","embryonic day 6","embryonic day 6"
"E6.17.1619","E6.17.1619","embryonic day 6","embryonic day 6"
"E6.17.1620","E6.17.1620","embryonic day 6","embryonic day 6"
"E6.18.1622","E6.18.1622","embryonic day 6","embryonic day 6"
"E6.18.1624","E6.18.1624","embryonic day 6","embryonic day 6"
"E6.18.1625","E6.18.1625","embryonic day 6","embryonic day 6"
"E6.18.1626","E6.18.1626","embryonic day 6","embryonic day 6"
"E6.18.1628","E6.18.1628","embryonic day 6","embryonic day 6"
"E6.18.1629","E6.18.1629","embryonic day 6","embryonic day 6"
"E6.18.1630","E6.18.1630","embryonic day 6","embryonic day 6"
"E6.18.1632","E6.18.1632","embryonic day 6","embryonic day 6"
"E6.18.1633","E6.18.1633","embryonic day 6","embryonic day 6"
"E6.18.1635","E6.18.1635","embryonic day 6","embryonic day 6"
"E6.18.1636","E6.18.1636","embryonic day 6","embryonic day 6"
"E6.18.1637","E6.18.1637","embryonic day 6","embryonic day 6"
"E6.18.1638","E6.18.1638","embryonic day 6","embryonic day 6"
"E6.18.1639","E6.18.1639","embryonic day 6","embryonic day 6"
"E6.18.1640","E6.18.1640","embryonic day 6","embryonic day 6"
"E6.18.1641","E6.18.1641","embryonic day 6","embryonic day 6"
"E6.18.1643","E6.18.1643","embryonic day 6","embryonic day 6"
"E6.18.1644","E6.18.1644","embryonic day 6","embryonic day 6"
"E6.18.1645","E6.18.1645","embryonic day 6","embryonic day 6"
"E6.2.108","E6.2.108","embryonic day 6","embryonic day 6"
"E6.2.109","E6.2.109","embryonic day 6","embryonic day 6"
"E6.2.116","E6.2.116","embryonic day 6","embryonic day 6"
"E6.22.1846","E6.22.1846","embryonic day 6","embryonic day 6"
"E6.22.1847","E6.22.1847","embryonic day 6","embryonic day 6"
"E6.22.1848","E6.22.1848","embryonic day 6","embryonic day 6"
"E6.22.1850","E6.22.1850","embryonic day 6","embryonic day 6"
"E6.22.1851","E6.22.1851","embryonic day 6","embryonic day 6"
"E6.22.1852","E6.22.1852","embryonic day 6","embryonic day 6"
"E6.22.1853","E6.22.1853","embryonic day 6","embryonic day 6"
"E6.22.1854","E6.22.1854","embryonic day 6","embryonic day 6"
"E6.22.1855","E6.22.1855","embryonic day 6","embryonic day 6"
"E6.22.1856","E6.22.1856","embryonic day 6","embryonic day 6"
"E6.22.1857","E6.22.1857","embryonic day 6","embryonic day 6"
"E6.22.1858","E6.22.1858","embryonic day 6","embryonic day 6"
"E6.22.1859","E6.22.1859","embryonic day 6","embryonic day 6"
"E6.22.1860","E6.22.1860","embryonic day 6","embryonic day 6"
"E6.22.1861","E6.22.1861","embryonic day 6","embryonic day 6"
"E6.22.1862","E6.22.1862","embryonic day 6","embryonic day 6"
"E6.22.1863","E6.22.1863","embryonic day 6","embryonic day 6"
"E6.22.1864","E6.22.1864","embryonic day 6","embryonic day 6"
"E6.22.1865","E6.22.1865","embryonic day 6","embryonic day 6"
"E6.22.1866","E6.22.1866","embryonic day 6","embryonic day 6"
"E6.22.1867","E6.22.1867","embryonic day 6","embryonic day 6"
"E6.3.383","E6.3.383","embryonic day 6","embryonic day 6"
"E6.3.384","E6.3.384","embryonic day 6","embryonic day 6"
"E6.3.389","E6.3.389","embryonic day 6","embryonic day 6"
"E6.6.707","E6.6.707","embryonic day 6","embryonic day 6"
"E6.6.708","E6.6.708","embryonic day 6","embryonic day 6"
"E6.6.709","E6.6.709","embryonic day 6","embryonic day 6"
"E6.6.710","E6.6.710","embryonic day 6","embryonic day 6"
"E6.6.712","E6.6.712","embryonic day 6","embryonic day 6"
"E6.6.713","E6.6.713","embryonic day 6","embryonic day 6"
"E6.6.714","E6.6.714","embryonic day 6","embryonic day 6"
"E6.6.715","E6.6.715","embryonic day 6","embryonic day 6"
"E6.6.716","E6.6.716","embryonic day 6","embryonic day 6"
"E6.6.717","E6.6.717","embryonic day 6","embryonic day 6"
"E6.6.718","E6.6.718","embryonic day 6","embryonic day 6"
"E6.6.722","E6.6.722","embryonic day 6","embryonic day 6"
"E6.6.725","E6.6.725","embryonic day 6","embryonic day 6"
"E6.6.727","E6.6.727","embryonic day 6","embryonic day 6"
"E6.6.728","E6.6.728","embryonic day 6","embryonic day 6"
"E6.7.729","E6.7.729","embryonic day 6","embryonic day 6"
"E6.7.737","E6.7.737","embryonic day 6","embryonic day 6"
"E6.7.738","E6.7.738","embryonic day 6","embryonic day 6"
"E6.7.741","E6.7.741","embryonic day 6","embryonic day 6"
"E6.7.742","E6.7.742","embryonic day 6","embryonic day 6"
"E6.7.743","E6.7.743","embryonic day 6","embryonic day 6"
"E6.7.744","E6.7.744","embryonic day 6","embryonic day 6"
"E6.8.769","E6.8.769","embryonic day 6","embryonic day 6"
"E6.8.771","E6.8.771","embryonic day 6","embryonic day 6"
"E6.8.772","E6.8.772","embryonic day 6","embryonic day 6"
"E6.8.773","E6.8.773","embryonic day 6","embryonic day 6"
"E6.8.774","E6.8.774","embryonic day 6","embryonic day 6"
"E6.8.776","E6.8.776","embryonic day 6","embryonic day 6"
"E6.8.777","E6.8.777","embryonic day 6","embryonic day 6"
"E6.8.778","E6.8.778","embryonic day 6","embryonic day 6"
"E6.8.779","E6.8.779","embryonic day 6","embryonic day 6"
"E6.8.780","E6.8.780","embryonic day 6","embryonic day 6"
"E6.8.781","E6.8.781","embryonic day 6","embryonic day 6"
"E6.8.782","E6.8.782","embryonic day 6","embryonic day 6"
"E6.8.784","E6.8.784","embryonic day 6","embryonic day 6"
"E6.8.785","E6.8.785","embryonic day 6","embryonic day 6"
"E6.8.786","E6.8.786","embryonic day 6","embryonic day 6"
"E6.8.787","E6.8.787","embryonic day 6","embryonic day 6"
"E6.8.789","E6.8.789","embryonic day 6","embryonic day 6"
"E6.8.790","E6.8.790","embryonic day 6","embryonic day 6"
"E6.8.791","E6.8.791","embryonic day 6","embryonic day 6"
"E6.8.792","E6.8.792","embryonic day 6","embryonic day 6"
"E6.8.793","E6.8.793","embryonic day 6","embryonic day 6"
"E6.8.794","E6.8.794","embryonic day 6","embryonic day 6"
"E6.8.795","E6.8.795","embryonic day 6","embryonic day 6"
"E6.8.796","E6.8.796","embryonic day 6","embryonic day 6"
"E6.8.797","E6.8.797","embryonic day 6","embryonic day 6"
"E6.8.798","E6.8.798","embryonic day 6","embryonic day 6"
"E6.8.799","E6.8.799","embryonic day 6","embryonic day 6"
"E6.8.800","E6.8.800","embryonic day 6","embryonic day 6"
"E6.8.801","E6.8.801","embryonic day 6","embryonic day 6"
"E6.8.802","E6.8.802","embryonic day 6","embryonic day 6"
"E6.8.803","E6.8.803","embryonic day 6","embryonic day 6"
"E6.8.804","E6.8.804","embryonic day 6","embryonic day 6"
"E6.8.806","E6.8.806","embryonic day 6","embryonic day 6"
"E6.8.807","E6.8.807","embryonic day 6","embryonic day 6"
"E6.8.808","E6.8.808","embryonic day 6","embryonic day 6"
"E6.8.809","E6.8.809","embryonic day 6","embryonic day 6"
"E6.8.810","E6.8.810","embryonic day 6","embryonic day 6"
"E6.8.811","E6.8.811","embryonic day 6","embryonic day 6"
"E6.8.812","E6.8.812","embryonic day 6","embryonic day 6"
"E6.8.813","E6.8.813","embryonic day 6","embryonic day 6"
"E6.8.814","E6.8.814","embryonic day 6","embryonic day 6"
"E6.8.815","E6.8.815","embryonic day 6","embryonic day 6"
"E6.8.816","E6.8.816","embryonic day 6","embryonic day 6"
"E6.8.817","E6.8.817","embryonic day 6","embryonic day 6"
"E6.8.818","E6.8.818","embryonic day 6","embryonic day 6"
"E6.8.819","E6.8.819","embryonic day 6","embryonic day 6"
"E6.8.820","E6.8.820","embryonic day 6","embryonic day 6"
"E6.8.821","E6.8.821","embryonic day 6","embryonic day 6"
"E6.8.822","E6.8.822","embryonic day 6","embryonic day 6"
"E6.8.823","E6.8.823","embryonic day 6","embryonic day 6"
"E6.8.824","E6.8.824","embryonic day 6","embryonic day 6"
"E6.8.825","E6.8.825","embryonic day 6","embryonic day 6"
"E6.8.827","E6.8.827","embryonic day 6","embryonic day 6"
"E6.8.828","E6.8.828","embryonic day 6","embryonic day 6"
"E6.8.829","E6.8.829","embryonic day 6","embryonic day 6"
"E6.8.831","E6.8.831","embryonic day 6","embryonic day 6"
"E6.8.832","E6.8.832","embryonic day 6","embryonic day 6"
"E6.9.1007","E6.9.1007","embryonic day 6","embryonic day 6"
"E6.9.1010","E6.9.1010","embryonic day 6","embryonic day 6"
"E6.9.1013","E6.9.1013","embryonic day 6","embryonic day 6"
"E6.9.1014","E6.9.1014","embryonic day 6","embryonic day 6"
"E6.9.1020","E6.9.1020","embryonic day 6","embryonic day 6"
"E6.9.1022","E6.9.1022","embryonic day 6","embryonic day 6"
"E6.9.1023","E6.9.1023","embryonic day 6","embryonic day 6"
"E6.9.1024","E6.9.1024","embryonic day 6","embryonic day 6"
"E6.9.1025","E6.9.1025","embryonic day 6","embryonic day 6"
"E7.10.745","E7.10.745","embryonic day 7","embryonic day 7"
"E7.10.746","E7.10.746","embryonic day 7","embryonic day 7"
"E7.10.747","E7.10.747","embryonic day 7","embryonic day 7"
"E7.10.748","E7.10.748","embryonic day 7","embryonic day 7"
"E7.10.750","E7.10.750","embryonic day 7","embryonic day 7"
"E7.10.753","E7.10.753","embryonic day 7","embryonic day 7"
"E7.10.760","E7.10.760","embryonic day 7","embryonic day 7"
"E7.10.761","E7.10.761","embryonic day 7","embryonic day 7"
"E7.10.762","E7.10.762","embryonic day 7","embryonic day 7"
"E7.10.763","E7.10.763","embryonic day 7","embryonic day 7"
"E7.10.764","E7.10.764","embryonic day 7","embryonic day 7"
"E7.10.766","E7.10.766","embryonic day 7","embryonic day 7"
"E7.10.767","E7.10.767","embryonic day 7","embryonic day 7"
"E7.10.768","E7.10.768","embryonic day 7","embryonic day 7"
"E7.11.833","E7.11.833","embryonic day 7","embryonic day 7"
"E7.11.835","E7.11.835","embryonic day 7","embryonic day 7"
"E7.11.836","E7.11.836","embryonic day 7","embryonic day 7"
"E7.11.837","E7.11.837","embryonic day 7","embryonic day 7"
"E7.11.838","E7.11.838","embryonic day 7","embryonic day 7"
"E7.11.839","E7.11.839","embryonic day 7","embryonic day 7"
"E7.11.840","E7.11.840","embryonic day 7","embryonic day 7"
"E7.11.841","E7.11.841","embryonic day 7","embryonic day 7"
"E7.11.842","E7.11.842","embryonic day 7","embryonic day 7"
"E7.11.843","E7.11.843","embryonic day 7","embryonic day 7"
"E7.11.844","E7.11.844","embryonic day 7","embryonic day 7"
"E7.11.845","E7.11.845","embryonic day 7","embryonic day 7"
"E7.11.847","E7.11.847","embryonic day 7","embryonic day 7"
"E7.11.848","E7.11.848","embryonic day 7","embryonic day 7"
"E7.11.849","E7.11.849","embryonic day 7","embryonic day 7"
"E7.11.850","E7.11.850","embryonic day 7","embryonic day 7"
"E7.11.851","E7.11.851","embryonic day 7","embryonic day 7"
"E7.11.852","E7.11.852","embryonic day 7","embryonic day 7"
"E7.11.854","E7.11.854","embryonic day 7","embryonic day 7"
"E7.11.855","E7.11.855","embryonic day 7","embryonic day 7"
"E7.11.856","E7.11.856","embryonic day 7","embryonic day 7"
"E7.12.857","E7.12.857","embryonic day 7","embryonic day 7"
"E7.12.858","E7.12.858","embryonic day 7","embryonic day 7"
"E7.12.859","E7.12.859","embryonic day 7","embryonic day 7"
"E7.12.860","E7.12.860","embryonic day 7","embryonic day 7"
"E7.12.861","E7.12.861","embryonic day 7","embryonic day 7"
"E7.12.862","E7.12.862","embryonic day 7","embryonic day 7"
"E7.12.863","E7.12.863","embryonic day 7","embryonic day 7"
"E7.12.864","E7.12.864","embryonic day 7","embryonic day 7"
"E7.12.865","E7.12.865","embryonic day 7","embryonic day 7"
"E7.12.869","E7.12.869","embryonic day 7","embryonic day 7"
"E7.12.870","E7.12.870","embryonic day 7","embryonic day 7"
"E7.12.871","E7.12.871","embryonic day 7","embryonic day 7"
"E7.12.872","E7.12.872","embryonic day 7","embryonic day 7"
"E7.12.874","E7.12.874","embryonic day 7","embryonic day 7"
"E7.12.875","E7.12.875","embryonic day 7","embryonic day 7"
"E7.12.876","E7.12.876","embryonic day 7","embryonic day 7"
"E7.12.877","E7.12.877","embryonic day 7","embryonic day 7"
"E7.12.878","E7.12.878","embryonic day 7","embryonic day 7"
"E7.12.879","E7.12.879","embryonic day 7","embryonic day 7"
"E7.13.881","E7.13.881","embryonic day 7","embryonic day 7"
"E7.13.882","E7.13.882","embryonic day 7","embryonic day 7"
"E7.13.883","E7.13.883","embryonic day 7","embryonic day 7"
"E7.13.884","E7.13.884","embryonic day 7","embryonic day 7"
"E7.13.885","E7.13.885","embryonic day 7","embryonic day 7"
"E7.13.886","E7.13.886","embryonic day 7","embryonic day 7"
"E7.13.887","E7.13.887","embryonic day 7","embryonic day 7"
"E7.13.888","E7.13.888","embryonic day 7","embryonic day 7"
"E7.13.889","E7.13.889","embryonic day 7","embryonic day 7"
"E7.13.890","E7.13.890","embryonic day 7","embryonic day 7"
"E7.13.891","E7.13.891","embryonic day 7","embryonic day 7"
"E7.13.892","E7.13.892","embryonic day 7","embryonic day 7"
"E7.14.893","E7.14.893","embryonic day 7","embryonic day 7"
"E7.14.894","E7.14.894","embryonic day 7","embryonic day 7"
"E7.14.895","E7.14.895","embryonic day 7","embryonic day 7"
"E7.14.896","E7.14.896","embryonic day 7","embryonic day 7"
"E7.14.897","E7.14.897","embryonic day 7","embryonic day 7"
"E7.14.898","E7.14.898","embryonic day 7","embryonic day 7"
"E7.14.899","E7.14.899","embryonic day 7","embryonic day 7"
"E7.14.900","E7.14.900","embryonic day 7","embryonic day 7"
"E7.14.901","E7.14.901","embryonic day 7","embryonic day 7"
"E7.14.902","E7.14.902","embryonic day 7","embryonic day 7"
"E7.14.903","E7.14.903","embryonic day 7","embryonic day 7"
"E7.14.904","E7.14.904","embryonic day 7","embryonic day 7"
"E7.14.905","E7.14.905","embryonic day 7","embryonic day 7"
"E7.14.907","E7.14.907","embryonic day 7","embryonic day 7"
"E7.14.908","E7.14.908","embryonic day 7","embryonic day 7"
"E7.14.909","E7.14.909","embryonic day 7","embryonic day 7"
"E7.14.910","E7.14.910","embryonic day 7","embryonic day 7"
"E7.14.911","E7.14.911","embryonic day 7","embryonic day 7"
"E7.14.912","E7.14.912","embryonic day 7","embryonic day 7"
"E7.14.913","E7.14.913","embryonic day 7","embryonic day 7"
"E7.14.914","E7.14.914","embryonic day 7","embryonic day 7"
"E7.15.1078","E7.15.1078","embryonic day 7","embryonic day 7"
"E7.15.1079","E7.15.1079","embryonic day 7","embryonic day 7"
"E7.15.1080","E7.15.1080","embryonic day 7","embryonic day 7"
"E7.15.1082","E7.15.1082","embryonic day 7","embryonic day 7"
"E7.15.1083","E7.15.1083","embryonic day 7","embryonic day 7"
"E7.15.1084","E7.15.1084","embryonic day 7","embryonic day 7"
"E7.15.1085","E7.15.1085","embryonic day 7","embryonic day 7"
"E7.15.1086","E7.15.1086","embryonic day 7","embryonic day 7"
"E7.15.1087","E7.15.1087","embryonic day 7","embryonic day 7"
"E7.15.1088","E7.15.1088","embryonic day 7","embryonic day 7"
"E7.15.1089","E7.15.1089","embryonic day 7","embryonic day 7"
"E7.15.1090","E7.15.1090","embryonic day 7","embryonic day 7"
"E7.15.1096","E7.15.1096","embryonic day 7","embryonic day 7"
"E7.15.1100","E7.15.1100","embryonic day 7","embryonic day 7"
"E7.15.1101","E7.15.1101","embryonic day 7","embryonic day 7"
"E7.16.1102","E7.16.1102","embryonic day 7","embryonic day 7"
"E7.16.1104","E7.16.1104","embryonic day 7","embryonic day 7"
"E7.16.1106","E7.16.1106","embryonic day 7","embryonic day 7"
"E7.16.1107","E7.16.1107","embryonic day 7","embryonic day 7"
"E7.16.1108","E7.16.1108","embryonic day 7","embryonic day 7"
"E7.16.1110","E7.16.1110","embryonic day 7","embryonic day 7"
"E7.16.1111","E7.16.1111","embryonic day 7","embryonic day 7"
"E7.16.1112","E7.16.1112","embryonic day 7","embryonic day 7"
"E7.16.1113","E7.16.1113","embryonic day 7","embryonic day 7"
"E7.16.1114","E7.16.1114","embryonic day 7","embryonic day 7"
"E7.16.1115","E7.16.1115","embryonic day 7","embryonic day 7"
"E7.16.1116","E7.16.1116","embryonic day 7","embryonic day 7"
"E7.16.1118","E7.16.1118","embryonic day 7","embryonic day 7"
"E7.16.1119","E7.16.1119","embryonic day 7","embryonic day 7"
"E7.16.1120","E7.16.1120","embryonic day 7","embryonic day 7"
"E7.16.1121","E7.16.1121","embryonic day 7","embryonic day 7"
"E7.16.1122","E7.16.1122","embryonic day 7","embryonic day 7"
"E7.16.1123","E7.16.1123","embryonic day 7","embryonic day 7"
"E7.16.1124","E7.16.1124","embryonic day 7","embryonic day 7"
"E7.16.1125","E7.16.1125","embryonic day 7","embryonic day 7"
"E7.16.1126","E7.16.1126","embryonic day 7","embryonic day 7"
"E7.16.1127","E7.16.1127","embryonic day 7","embryonic day 7"
"E7.16.1128","E7.16.1128","embryonic day 7","embryonic day 7"
"E7.16.1129","E7.16.1129","embryonic day 7","embryonic day 7"
"E7.16.1130","E7.16.1130","embryonic day 7","embryonic day 7"
"E7.16.1131","E7.16.1131","embryonic day 7","embryonic day 7"
"E7.16.1132","E7.16.1132","embryonic day 7","embryonic day 7"
"E7.16.1133","E7.16.1133","embryonic day 7","embryonic day 7"
"E7.16.1134","E7.16.1134","embryonic day 7","embryonic day 7"
"E7.16.1135","E7.16.1135","embryonic day 7","embryonic day 7"
"E7.16.1138","E7.16.1138","embryonic day 7","embryonic day 7"
"E7.16.1139","E7.16.1139","embryonic day 7","embryonic day 7"
"E7.16.1141","E7.16.1141","embryonic day 7","embryonic day 7"
"E7.16.1142","E7.16.1142","embryonic day 7","embryonic day 7"
"E7.16.1143","E7.16.1143","embryonic day 7","embryonic day 7"
"E7.16.1144","E7.16.1144","embryonic day 7","embryonic day 7"
"E7.16.1146","E7.16.1146","embryonic day 7","embryonic day 7"
"E7.16.1147","E7.16.1147","embryonic day 7","embryonic day 7"
"E7.16.1148","E7.16.1148","embryonic day 7","embryonic day 7"
"E7.16.1149","E7.16.1149","embryonic day 7","embryonic day 7"
"E7.16.1150","E7.16.1150","embryonic day 7","embryonic day 7"
"E7.16.1152","E7.16.1152","embryonic day 7","embryonic day 7"
"E7.16.1153","E7.16.1153","embryonic day 7","embryonic day 7"
"E7.16.1154","E7.16.1154","embryonic day 7","embryonic day 7"
"E7.16.1156","E7.16.1156","embryonic day 7","embryonic day 7"
"E7.16.1157","E7.16.1157","embryonic day 7","embryonic day 7"
"E7.16.1158","E7.16.1158","embryonic day 7","embryonic day 7"
"E7.16.1159","E7.16.1159","embryonic day 7","embryonic day 7"
"E7.16.1160","E7.16.1160","embryonic day 7","embryonic day 7"
"E7.16.1162","E7.16.1162","embryonic day 7","embryonic day 7"
"E7.16.1164","E7.16.1164","embryonic day 7","embryonic day 7"
"E7.16.1165","E7.16.1165","embryonic day 7","embryonic day 7"
"E7.16.1166","E7.16.1166","embryonic day 7","embryonic day 7"
"E7.16.1167","E7.16.1167","embryonic day 7","embryonic day 7"
"E7.16.1168","E7.16.1168","embryonic day 7","embryonic day 7"
"E7.16.1169","E7.16.1169","embryonic day 7","embryonic day 7"
"E7.16.1170","E7.16.1170","embryonic day 7","embryonic day 7"
"E7.17.1301","E7.17.1301","embryonic day 7","embryonic day 7"
"E7.17.1302","E7.17.1302","embryonic day 7","embryonic day 7"
"E7.17.1303","E7.17.1303","embryonic day 7","embryonic day 7"
"E7.17.1305","E7.17.1305","embryonic day 7","embryonic day 7"
"E7.17.1307","E7.17.1307","embryonic day 7","embryonic day 7"
"E7.17.1309","E7.17.1309","embryonic day 7","embryonic day 7"
"E7.17.1310","E7.17.1310","embryonic day 7","embryonic day 7"
"E7.17.1311","E7.17.1311","embryonic day 7","embryonic day 7"
"E7.17.1312","E7.17.1312","embryonic day 7","embryonic day 7"
"E7.17.1313","E7.17.1313","embryonic day 7","embryonic day 7"
"E7.17.1314","E7.17.1314","embryonic day 7","embryonic day 7"
"E7.17.1315","E7.17.1315","embryonic day 7","embryonic day 7"
"E7.17.1317","E7.17.1317","embryonic day 7","embryonic day 7"
"E7.17.1320","E7.17.1320","embryonic day 7","embryonic day 7"
"E7.17.1321","E7.17.1321","embryonic day 7","embryonic day 7"
"E7.17.1324","E7.17.1324","embryonic day 7","embryonic day 7"
"E7.17.1327","E7.17.1327","embryonic day 7","embryonic day 7"
"E7.17.1329","E7.17.1329","embryonic day 7","embryonic day 7"
"E7.17.1330","E7.17.1330","embryonic day 7","embryonic day 7"
"E7.17.1332","E7.17.1332","embryonic day 7","embryonic day 7"
"E7.17.1333","E7.17.1333","embryonic day 7","embryonic day 7"
"E7.17.1334","E7.17.1334","embryonic day 7","embryonic day 7"
"E7.17.1335","E7.17.1335","embryonic day 7","embryonic day 7"
"E7.17.1336","E7.17.1336","embryonic day 7","embryonic day 7"
"E7.17.1339","E7.17.1339","embryonic day 7","embryonic day 7"
"E7.17.1340","E7.17.1340","embryonic day 7","embryonic day 7"
"E7.17.1341","E7.17.1341","embryonic day 7","embryonic day 7"
"E7.17.1342","E7.17.1342","embryonic day 7","embryonic day 7"
"E7.17.1343","E7.17.1343","embryonic day 7","embryonic day 7"
"E7.17.1344","E7.17.1344","embryonic day 7","embryonic day 7"
"E7.17.1345","E7.17.1345","embryonic day 7","embryonic day 7"
"E7.17.1346","E7.17.1346","embryonic day 7","embryonic day 7"
"E7.17.1348","E7.17.1348","embryonic day 7","embryonic day 7"
"E7.17.1350","E7.17.1350","embryonic day 7","embryonic day 7"
"E7.17.1351","E7.17.1351","embryonic day 7","embryonic day 7"
"E7.17.1352","E7.17.1352","embryonic day 7","embryonic day 7"
"E7.17.1353","E7.17.1353","embryonic day 7","embryonic day 7"
"E7.19.1542","E7.19.1542","embryonic day 7","embryonic day 7"
"E7.19.1543","E7.19.1543","embryonic day 7","embryonic day 7"
"E7.19.1544","E7.19.1544","embryonic day 7","embryonic day 7"
"E7.19.1545","E7.19.1545","embryonic day 7","embryonic day 7"
"E7.19.1546","E7.19.1546","embryonic day 7","embryonic day 7"
"E7.19.1547","E7.19.1547","embryonic day 7","embryonic day 7"
"E7.19.1548","E7.19.1548","embryonic day 7","embryonic day 7"
"E7.19.1549","E7.19.1549","embryonic day 7","embryonic day 7"
"E7.19.1550","E7.19.1550","embryonic day 7","embryonic day 7"
"E7.19.1551","E7.19.1551","embryonic day 7","embryonic day 7"
"E7.19.1552","E7.19.1552","embryonic day 7","embryonic day 7"
"E7.19.1553","E7.19.1553","embryonic day 7","embryonic day 7"
"E7.19.1564","E7.19.1564","embryonic day 7","embryonic day 7"
"E7.19.1565","E7.19.1565","embryonic day 7","embryonic day 7"
"E7.19.1566","E7.19.1566","embryonic day 7","embryonic day 7"
"E7.19.1569","E7.19.1569","embryonic day 7","embryonic day 7"
"E7.2.138","E7.2.138","embryonic day 7","embryonic day 7"
"E7.2.139","E7.2.139","embryonic day 7","embryonic day 7"
"E7.2.141","E7.2.141","embryonic day 7","embryonic day 7"
"E7.2.142","E7.2.142","embryonic day 7","embryonic day 7"
"E7.2.144","E7.2.144","embryonic day 7","embryonic day 7"
"E7.2.145","E7.2.145","embryonic day 7","embryonic day 7"
"E7.2.146","E7.2.146","embryonic day 7","embryonic day 7"
"E7.2.147","E7.2.147","embryonic day 7","embryonic day 7"
"E7.2.148","E7.2.148","embryonic day 7","embryonic day 7"
"E7.2.149","E7.2.149","embryonic day 7","embryonic day 7"
"E7.2.150","E7.2.150","embryonic day 7","embryonic day 7"
"E7.2.151","E7.2.151","embryonic day 7","embryonic day 7"
"E7.2.152","E7.2.152","embryonic day 7","embryonic day 7"
"E7.2.154","E7.2.154","embryonic day 7","embryonic day 7"
"E7.2.155","E7.2.155","embryonic day 7","embryonic day 7"
"E7.2.156","E7.2.156","embryonic day 7","embryonic day 7"
"E7.2.157","E7.2.157","embryonic day 7","embryonic day 7"
"E7.2.158","E7.2.158","embryonic day 7","embryonic day 7"
"E7.2.159","E7.2.159","embryonic day 7","embryonic day 7"
"E7.2.160","E7.2.160","embryonic day 7","embryonic day 7"
"E7.2.161","E7.2.161","embryonic day 7","embryonic day 7"
"E7.2.162","E7.2.162","embryonic day 7","embryonic day 7"
"E7.2.163","E7.2.163","embryonic day 7","embryonic day 7"
"E7.2.164","E7.2.164","embryonic day 7","embryonic day 7"
"E7.2.165","E7.2.165","embryonic day 7","embryonic day 7"
"E7.2.166","E7.2.166","embryonic day 7","embryonic day 7"
"E7.3.167","E7.3.167","embryonic day 7","embryonic day 7"
"E7.3.168","E7.3.168","embryonic day 7","embryonic day 7"
"E7.3.170","E7.3.170","embryonic day 7","embryonic day 7"
"E7.3.171","E7.3.171","embryonic day 7","embryonic day 7"
"E7.3.172","E7.3.172","embryonic day 7","embryonic day 7"
"E7.3.173","E7.3.173","embryonic day 7","embryonic day 7"
"E7.3.174","E7.3.174","embryonic day 7","embryonic day 7"
"E7.3.175","E7.3.175","embryonic day 7","embryonic day 7"
"E7.3.176","E7.3.176","embryonic day 7","embryonic day 7"
"E7.3.177","E7.3.177","embryonic day 7","embryonic day 7"
"E7.3.178","E7.3.178","embryonic day 7","embryonic day 7"
"E7.3.179","E7.3.179","embryonic day 7","embryonic day 7"
"E7.3.181","E7.3.181","embryonic day 7","embryonic day 7"
"E7.3.183","E7.3.183","embryonic day 7","embryonic day 7"
"E7.3.185","E7.3.185","embryonic day 7","embryonic day 7"
"E7.3.186","E7.3.186","embryonic day 7","embryonic day 7"
"E7.3.187","E7.3.187","embryonic day 7","embryonic day 7"
"E7.3.189","E7.3.189","embryonic day 7","embryonic day 7"
"E7.3.190","E7.3.190","embryonic day 7","embryonic day 7"
"E7.4.191","E7.4.191","embryonic day 7","embryonic day 7"
"E7.4.192","E7.4.192","embryonic day 7","embryonic day 7"
"E7.4.193.1","E7.4.193.1","embryonic day 7","embryonic day 7"
"E7.4.193.2","E7.4.193.2","embryonic day 7","embryonic day 7"
"E7.4.194","E7.4.194","embryonic day 7","embryonic day 7"
"E7.4.195","E7.4.195","embryonic day 7","embryonic day 7"
"E7.4.196","E7.4.196","embryonic day 7","embryonic day 7"
"E7.4.197","E7.4.197","embryonic day 7","embryonic day 7"
"E7.4.198","E7.4.198","embryonic day 7","embryonic day 7"
"E7.4.200","E7.4.200","embryonic day 7","embryonic day 7"
"E7.4.202","E7.4.202","embryonic day 7","embryonic day 7"
"E7.4.203","E7.4.203","embryonic day 7","embryonic day 7"
"E7.4.204","E7.4.204","embryonic day 7","embryonic day 7"
"E7.4.205","E7.4.205","embryonic day 7","embryonic day 7"
"E7.4.206","E7.4.206","embryonic day 7","embryonic day 7"
"E7.4.207","E7.4.207","embryonic day 7","embryonic day 7"
"E7.4.208","E7.4.208","embryonic day 7","embryonic day 7"
"E7.4.209","E7.4.209","embryonic day 7","embryonic day 7"
"E7.4.210","E7.4.210","embryonic day 7","embryonic day 7"
"E7.4.211","E7.4.211","embryonic day 7","embryonic day 7"
"E7.4.213","E7.4.213","embryonic day 7","embryonic day 7"
"E7.4.214","E7.4.214","embryonic day 7","embryonic day 7"
"E7.4.217","E7.4.217","embryonic day 7","embryonic day 7"
"E7.4.218","E7.4.218","embryonic day 7","embryonic day 7"
"E7.4.219","E7.4.219","embryonic day 7","embryonic day 7"
"E7.4.220","E7.4.220","embryonic day 7","embryonic day 7"
"E7.4.221","E7.4.221","embryonic day 7","embryonic day 7"
"E7.4.222","E7.4.222","embryonic day 7","embryonic day 7"
"E7.4.223","E7.4.223","embryonic day 7","embryonic day 7"
"E7.4.224","E7.4.224","embryonic day 7","embryonic day 7"
"E7.4.225","E7.4.225","embryonic day 7","embryonic day 7"
"E7.4.226","E7.4.226","embryonic day 7","embryonic day 7"
"E7.4.227","E7.4.227","embryonic day 7","embryonic day 7"
"E7.4.228","E7.4.228","embryonic day 7","embryonic day 7"
"E7.4.229","E7.4.229","embryonic day 7","embryonic day 7"
"E7.4.230","E7.4.230","embryonic day 7","embryonic day 7"
"E7.5.232","E7.5.232","embryonic day 7","embryonic day 7"
"E7.5.233","E7.5.233","embryonic day 7","embryonic day 7"
"E7.5.237","E7.5.237","embryonic day 7","embryonic day 7"
"E7.5.240","E7.5.240","embryonic day 7","embryonic day 7"
"E7.5.241","E7.5.241","embryonic day 7","embryonic day 7"
"E7.5.245","E7.5.245","embryonic day 7","embryonic day 7"
"E7.5.246","E7.5.246","embryonic day 7","embryonic day 7"
"E7.6.247","E7.6.247","embryonic day 7","embryonic day 7"
"E7.6.248","E7.6.248","embryonic day 7","embryonic day 7"
"E7.6.249","E7.6.249","embryonic day 7","embryonic day 7"
"E7.6.250","E7.6.250","embryonic day 7","embryonic day 7"
"E7.6.251","E7.6.251","embryonic day 7","embryonic day 7"
"E7.6.252","E7.6.252","embryonic day 7","embryonic day 7"
"E7.6.253","E7.6.253","embryonic day 7","embryonic day 7"
"E7.6.254","E7.6.254","embryonic day 7","embryonic day 7"
"E7.6.255","E7.6.255","embryonic day 7","embryonic day 7"
"E7.6.256","E7.6.256","embryonic day 7","embryonic day 7"
"E7.6.257","E7.6.257","embryonic day 7","embryonic day 7"
"E7.6.259","E7.6.259","embryonic day 7","embryonic day 7"
"E7.6.260","E7.6.260","embryonic day 7","embryonic day 7"
"E7.6.261","E7.6.261","embryonic day 7","embryonic day 7"
"E7.6.262","E7.6.262","embryonic day 7","embryonic day 7"
"E7.6.263","E7.6.263","embryonic day 7","embryonic day 7"
"E7.6.264","E7.6.264","embryonic day 7","embryonic day 7"
"E7.6.265","E7.6.265","embryonic day 7","embryonic day 7"
"E7.6.266","E7.6.266","embryonic day 7","embryonic day 7"
"E7.6.267","E7.6.267","embryonic day 7","embryonic day 7"
"E7.6.273","E7.6.273","embryonic day 7","embryonic day 7"
"E7.6.274","E7.6.274","embryonic day 7","embryonic day 7"
"E7.6.275","E7.6.275","embryonic day 7","embryonic day 7"
"E7.6.276","E7.6.276","embryonic day 7","embryonic day 7"
"E7.6.279","E7.6.279","embryonic day 7","embryonic day 7"
"E7.7.280","E7.7.280","embryonic day 7","embryonic day 7"
"E7.7.281","E7.7.281","embryonic day 7","embryonic day 7"
"E7.7.282","E7.7.282","embryonic day 7","embryonic day 7"
"E7.7.283","E7.7.283","embryonic day 7","embryonic day 7"
"E7.7.284","E7.7.284","embryonic day 7","embryonic day 7"
"E7.7.285","E7.7.285","embryonic day 7","embryonic day 7"
"E7.7.286","E7.7.286","embryonic day 7","embryonic day 7"
"E7.7.291","E7.7.291","embryonic day 7","embryonic day 7"
"E7.7.292","E7.7.292","embryonic day 7","embryonic day 7"
"E7.7.293","E7.7.293","embryonic day 7","embryonic day 7"
"E7.7.294","E7.7.294","embryonic day 7","embryonic day 7"
"E7.7.298","E7.7.298","embryonic day 7","embryonic day 7"
"E7.7.299","E7.7.299","embryonic day 7","embryonic day 7"
"E7.7.300","E7.7.300","embryonic day 7","embryonic day 7"
"E7.7.301","E7.7.301","embryonic day 7","embryonic day 7"
"E7.7.302","E7.7.302","embryonic day 7","embryonic day 7"
"E7.7.307","E7.7.307","embryonic day 7","embryonic day 7"
"E7.7.309","E7.7.309","embryonic day 7","embryonic day 7"
"E7.7.310","E7.7.310","embryonic day 7","embryonic day 7"
"E7.8.311","E7.8.311","embryonic day 7","embryonic day 7"
"E7.8.312","E7.8.312","embryonic day 7","embryonic day 7"
"E7.8.313","E7.8.313","embryonic day 7","embryonic day 7"
"E7.8.314","E7.8.314","embryonic day 7","embryonic day 7"
"E7.8.315","E7.8.315","embryonic day 7","embryonic day 7"
"E7.8.316","E7.8.316","embryonic day 7","embryonic day 7"
"E7.8.317","E7.8.317","embryonic day 7","embryonic day 7"
"E7.8.318","E7.8.318","embryonic day 7","embryonic day 7"
"E7.8.319","E7.8.319","embryonic day 7","embryonic day 7"
"E7.8.320","E7.8.320","embryonic day 7","embryonic day 7"
"E7.8.321","E7.8.321","embryonic day 7","embryonic day 7"
"E7.8.322","E7.8.322","embryonic day 7","embryonic day 7"
"E7.8.323","E7.8.323","embryonic day 7","embryonic day 7"
"E7.8.324","E7.8.324","embryonic day 7","embryonic day 7"
"E7.8.325","E7.8.325","embryonic day 7","embryonic day 7"
"E7.8.327","E7.8.327","embryonic day 7","embryonic day 7"
"E7.8.328","E7.8.328","embryonic day 7","embryonic day 7"
"E7.8.329","E7.8.329","embryonic day 7","embryonic day 7"
"E7.8.330","E7.8.330","embryonic day 7","embryonic day 7"
"E7.8.331","E7.8.331","embryonic day 7","embryonic day 7"
"E7.8.333","E7.8.333","embryonic day 7","embryonic day 7"
"E7.8.335","E7.8.335","embryonic day 7","embryonic day 7"
"E7.8.339","E7.8.339","embryonic day 7","embryonic day 7"
"E7.8.340","E7.8.340","embryonic day 7","embryonic day 7"
"E7.8.341","E7.8.341","embryonic day 7","embryonic day 7"
"E7.8.342","E7.8.342","embryonic day 7","embryonic day 7"
"E7.8.343","E7.8.343","embryonic day 7","embryonic day 7"
"E7.8.344","E7.8.344","embryonic day 7","embryonic day 7"
"E7.8.347","E7.8.347","embryonic day 7","embryonic day 7"
"E7.8.348","E7.8.348","embryonic day 7","embryonic day 7"
"E7.8.350","E7.8.350","embryonic day 7","embryonic day 7"
"E7.9.531","E7.9.531","embryonic day 7","embryonic day 7"
"E7.9.532","E7.9.532","embryonic day 7","embryonic day 7"
"E7.9.535","E7.9.535","embryonic day 7","embryonic day 7"
"E7.9.536","E7.9.536","embryonic day 7","embryonic day 7"
"E7.9.537","E7.9.537","embryonic day 7","embryonic day 7"
"E7.9.538","E7.9.538","embryonic day 7","embryonic day 7"
"E7.9.539","E7.9.539","embryonic day 7","embryonic day 7"
"E7.9.540","E7.9.540","embryonic day 7","embryonic day 7"
"E7.9.541","E7.9.541","embryonic day 7","embryonic day 7"
"E7.9.542","E7.9.542","embryonic day 7","embryonic day 7"
"E7.9.543","E7.9.543","embryonic day 7","embryonic day 7"
"E7.9.544","E7.9.544","embryonic day 7","embryonic day 7"
"E7.9.545","E7.9.545","embryonic day 7","embryonic day 7"
"E7.9.547","E7.9.547","embryonic day 7","embryonic day 7"
"E7.9.548","E7.9.548","embryonic day 7","embryonic day 7"
"E7.9.549","E7.9.549","embryonic day 7","embryonic day 7"
"E7.9.550","E7.9.550","embryonic day 7","embryonic day 7"
"E7.9.551","E7.9.551","embryonic day 7","embryonic day 7"
"E7.9.554","E7.9.554","embryonic day 7","embryonic day 7"
"E7.9.555","E7.9.555","embryonic day 7","embryonic day 7"
"E7.9.556","E7.9.556","embryonic day 7","embryonic day 7"
"E7.9.557","E7.9.557","embryonic day 7","embryonic day 7"
"E7.9.558","E7.9.558","embryonic day 7","embryonic day 7"
"E7.9.559","E7.9.559","embryonic day 7","embryonic day 7"
"E7.9.560","E7.9.560","embryonic day 7","embryonic day 7"
"E7.9.561","E7.9.561","embryonic day 7","embryonic day 7"
"E7.9.562","E7.9.562","embryonic day 7","embryonic day 7"
"E7.9.564","E7.9.564","embryonic day 7","embryonic day 7"
"E7.9.565","E7.9.565","embryonic day 7","embryonic day 7"
"E7.9.567","E7.9.567","embryonic day 7","embryonic day 7"
"E7.9.568","E7.9.568","embryonic day 7","embryonic day 7"
"E7.9.569","E7.9.569","embryonic day 7","embryonic day 7"
"E7.9.570","E7.9.570","embryonic day 7","embryonic day 7"
"E7.9.571","E7.9.571","embryonic day 7","embryonic day 7"
"E7.9.573","E7.9.573","embryonic day 7","embryonic day 7"
"E7.9.574","E7.9.574","embryonic day 7","embryonic day 7"
